site	func	tu	slot	disp	this	abi
0x0040a7fa	0x0040a6a0	air.cpp..audio.cpp	10	0x28	0x004fdf78	stdcall
0x0040a80a	0x0040a6a0	air.cpp..audio.cpp	14	0x38	0x004fdf78	stdcall
0x0040a88c	0x0040a6a0	air.cpp..audio.cpp	1	0x04	0x0065a058	thiscall
0x0040a98e	0x0040a6a0	air.cpp..audio.cpp	10	0x28	0x004fdf78	stdcall
0x0040ac70	0x0040a6a0	air.cpp..audio.cpp	2	0x08	0x0065a058	thiscall
0x0040ac99	0x0040a6a0	air.cpp..audio.cpp	1	0x04	0x0065a058	thiscall
0x0040b81e	0x0040b800	air.cpp..audio.cpp	2	0x08	0x00000000	stdcall
0x0040b8c9	0x0040b860	air.cpp..audio.cpp	18	0x48	0x00000000	stdcall
0x0040b8df	0x0040b860	air.cpp..audio.cpp	18	0x48	0x00000000	stdcall
0x0040b9c6	0x0040b8f0	air.cpp..audio.cpp	9	0x24	0x00000000	stdcall
0x0040b9e0	0x0040b8f0	air.cpp..audio.cpp	18	0x48	0x00000000	stdcall
0x0040ba4a	0x0040b8f0	air.cpp..audio.cpp	18	0x48	0x00000000	stdcall
0x0040ba6e	0x0040b8f0	air.cpp..audio.cpp	18	0x48	0x00000000	stdcall
0x0040ba7a	0x0040b8f0	air.cpp..audio.cpp	2	0x08	0x00000000	stdcall
0x0040ba99	0x0040b8f0	air.cpp..audio.cpp	18	0x48	0x00000000	stdcall
0x0040bb94	0x0040b8f0	air.cpp..audio.cpp	3	0x0c	0x004fa46c	stdcall
0x0040bbd9	0x0040b8f0	air.cpp..audio.cpp	2	0x08	0x00000000	stdcall
0x0040bc93	0x0040b8f0	air.cpp..audio.cpp	15	0x3c	0x00000000	stdcall
0x0040bca1	0x0040b8f0	air.cpp..audio.cpp	9	0x24	0x00000000	stdcall
0x0040bcb3	0x0040b8f0	air.cpp..audio.cpp	13	0x34	0x00000000	stdcall
0x0040bcdb	0x0040b8f0	air.cpp..audio.cpp	12	0x30	0x00000000	stdcall
0x0040bd1b	0x0040bcf0	air.cpp..audio.cpp	9	0x24	0x00000000	stdcall
0x0040bd51	0x0040bcf0	air.cpp..audio.cpp	18	0x48	0x00000000	stdcall
0x0040bdcd	0x0040bcf0	air.cpp..audio.cpp	15	0x3c	0x00000000	stdcall
0x0040bde4	0x0040bcf0	air.cpp..audio.cpp	15	0x3c	0x00000000	stdcall
0x0040c089	0x0040c040	audio.cpp..event.cpp	9	0x24	0x00000000	stdcall
0x0040c18f	0x0040c040	audio.cpp..event.cpp	15	0x3c	0x00000000	stdcall
0x0040c1c3	0x0040c040	audio.cpp..event.cpp	4	0x10	0x00000000	stdcall
0x0040c1e6	0x0040c040	audio.cpp..event.cpp	13	0x34	0x00000000	stdcall
0x0040c1fc	0x0040c040	audio.cpp..event.cpp	13	0x34	0x00000000	stdcall
0x0040c210	0x0040c040	audio.cpp..event.cpp	12	0x30	0x00000000	stdcall
0x0040c484	0x0040c440	audio.cpp..event.cpp	11	0x2c	0x00000000	stdcall
0x0040c509	0x0040c440	audio.cpp..event.cpp	19	0x4c	0x00000000	stdcall
0x0040c630	0x0040c530	audio.cpp..event.cpp	3	0x0c	0x00000000	stdcall
0x0040c673	0x0040c530	audio.cpp..event.cpp	2	0x08	0x00000000	stdcall
0x0040c6f2	0x0040c6e0	audio.cpp..event.cpp	2	0x08	0x00000000	stdcall
0x0040c771	0x0040c710	audio.cpp..event.cpp	3	0x0c	0x00000000	stdcall
0x0040c7dc	0x0040c7d0	audio.cpp..event.cpp	2	0x08	0x004fa470	stdcall
0x0040c7eb	0x0040c7d0	audio.cpp..event.cpp	2	0x08	0x004fa474	stdcall
0x0040c7fa	0x0040c7d0	audio.cpp..event.cpp	2	0x08	0x004fa46c	stdcall
0x0040c867	0x0040c800	audio.cpp..event.cpp	6	0x18	0x004fa46c	stdcall
0x0040c89a	0x0040c800	audio.cpp..event.cpp	3	0x0c	0x004fa46c	stdcall
0x0040c8cb	0x0040c800	audio.cpp..event.cpp	0	0x00	0x004fa470	stdcall
0x0040c8fc	0x0040c800	audio.cpp..event.cpp	14	0x38	0x004fa474	stdcall
0x0040c92a	0x0040c800	audio.cpp..event.cpp	12	0x30	0x004fa474	stdcall
0x0040c958	0x0040c800	audio.cpp..event.cpp	15	0x3c	0x004fa474	stdcall
0x0040c97f	0x0040c800	audio.cpp..event.cpp	17	0x44	0x004fa474	stdcall
0x0040cd4d	0x0040cd20	audio.cpp..event.cpp	11	0x2c	0x004fa404	stdcall
0x0040ce70	0x0040cd20	audio.cpp..event.cpp	19	0x4c	0x004fa404	stdcall
0x0040ceac	0x0040ce90	audio.cpp..event.cpp	15	0x3c	0x004fa404	stdcall
0x0040cec0	0x0040ce90	audio.cpp..event.cpp	16	0x40	0x004fa404	stdcall
0x0040cf8c	0x0040ced0	audio.cpp..event.cpp	3	0x0c	0x004fa46c	stdcall
0x0040cfa8	0x0040ced0	audio.cpp..event.cpp	3	0x0c	0x004fa404	stdcall
0x0040d051	0x0040ced0	audio.cpp..event.cpp	9	0x24	0x004fa440	stdcall
0x0040d063	0x0040ced0	audio.cpp..event.cpp	20	0x50	0x004fa440	stdcall
0x0040d09f	0x0040ced0	audio.cpp..event.cpp	9	0x24	0x004fa440	stdcall
0x0040d0b4	0x0040ced0	audio.cpp..event.cpp	4	0x10	0x004fa440	stdcall
0x0040d19d	0x0040ced0	audio.cpp..event.cpp	11	0x2c	0x004fa440	stdcall
0x0040d244	0x0040ced0	audio.cpp..event.cpp	19	0x4c	0x004fa440	stdcall
0x0040d280	0x0040ced0	audio.cpp..event.cpp	12	0x30	0x004fa440	stdcall
0x0040d2a8	0x0040ced0	audio.cpp..event.cpp	11	0x2c	0x004fa440	stdcall
0x0040d578	0x0040ced0	audio.cpp..event.cpp	19	0x4c	0x004fa440	stdcall
0x0040d5b0	0x0040ced0	audio.cpp..event.cpp	12	0x30	0x004fa440	stdcall
0x0040d649	0x0040d5d0	audio.cpp..event.cpp	18	0x48	0x004fa404	stdcall
0x0040d670	0x0040d5d0	audio.cpp..event.cpp	2	0x08	0x004fa404	stdcall
0x0040d6d6	0x0040d680	audio.cpp..event.cpp	12	0x30	0x004fa440	stdcall
0x0040d6ff	0x0040d680	audio.cpp..event.cpp	18	0x48	0x004fa440	stdcall
0x0040d752	0x0040d730	audio.cpp..event.cpp	9	0x24	0x00000000	stdcall
0x0040d762	0x0040d730	audio.cpp..event.cpp	18	0x48	0x00000000	stdcall
0x0040d789	0x0040d730	audio.cpp..event.cpp	9	0x24	0x00000000	stdcall
0x0040d797	0x0040d730	audio.cpp..event.cpp	18	0x48	0x00000000	stdcall
0x0040d7a2	0x0040d730	audio.cpp..event.cpp	2	0x08	0x00000000	stdcall
0x0040dd08	0x0040dcf0	audio.cpp..event.cpp	4	0x10	0x00000000	stdcall
0x0040dd64	0x0040dd20	audio.cpp..event.cpp	38	0x98	0x00000000	stdcall
0x0040dda7	0x0040dd90	audio.cpp..event.cpp	38	0x98	0x00000000	stdcall
0x0040ded3	0x0040de10	audio.cpp..event.cpp	6	0x18	0x00000000	stdcall
0x0040e06a	0x0040dfc0	audio.cpp..event.cpp	24	0x60	0x00000000	stdcall
0x0040e270	0x0040dfc0	audio.cpp..event.cpp	12	0x30	0x00000000	stdcall
0x0040e442	0x0040e3b0	audio.cpp..event.cpp	13	0x34	0x00000000	stdcall
0x0040e567	0x0040e530	audio.cpp..event.cpp	35	0x8c	0x00000000	stdcall
0x0040e5e0	0x0040e5a0	audio.cpp..event.cpp	22	0x58	0x00000000	stdcall
0x0040e613	0x0040e5a0	audio.cpp..event.cpp	22	0x58	0x00000000	stdcall
0x0040e64a	0x0040e630	audio.cpp..event.cpp	31	0x7c	0x00000000	stdcall
0x0040e698	0x0040e660	audio.cpp..event.cpp	14	0x38	0x00000000	stdcall
0x0040e832	0x0040e7b0	audio.cpp..event.cpp	24	0x60	0x00000000	stdcall
0x0040e8d3	0x0040e8a0	audio.cpp..event.cpp	25	0x64	0x00000000	stdcall
0x0040ea86	0x0040ea40	audio.cpp..event.cpp	2	0x08	0x00000000	stdcall
0x0040eb41	0x0040ea40	audio.cpp..event.cpp	2	0x08	0x00000000	stdcall
0x0040ebfe	0x0040eb70	audio.cpp..event.cpp	26	0x68	0x00000000	stdcall
0x0040eda1	0x0040ed10	audio.cpp..event.cpp	8	0x20	0x00000000	stdcall
0x0040edbf	0x0040ed10	audio.cpp..event.cpp	2	0x08	0x00000000	stdcall
0x0040eec1	0x0040ed10	audio.cpp..event.cpp	2	0x08	0x00000000	stdcall
0x0040ef64	0x0040ed10	audio.cpp..event.cpp	12	0x30	0x00000000	stdcall
0x0040ef98	0x0040ed10	audio.cpp..event.cpp	3	0x0c	0x00000000	stdcall
0x0040efcf	0x0040ed10	audio.cpp..event.cpp	0	0x00	0x00000000	stdcall
0x0040efda	0x0040ed10	audio.cpp..event.cpp	2	0x08	0x00000000	stdcall
0x0040f017	0x0040ed10	audio.cpp..event.cpp	14	0x38	0x00000000	stdcall
0x0040fb4b	0x0040faa0	audio.cpp..event.cpp	11	0x2c	0x00000000	stdcall
0x004102ce	0x00410090	audio.cpp..event.cpp	2	0x08	0x0065a058	thiscall
0x004102f7	0x00410090	audio.cpp..event.cpp	1	0x04	0x0065a058	thiscall
0x00410379	0x00410090	audio.cpp..event.cpp	1	0x04	0x0065a058	thiscall
0x00410e53	0x00410d90	audio.cpp..event.cpp	2	0x08	0x0065a058	thiscall
0x00410e7c	0x00410d90	audio.cpp..event.cpp	1	0x04	0x0065a058	thiscall
0x00410f2e	0x00410e90	audio.cpp..event.cpp	2	0x08	0x0065a058	thiscall
0x00410f57	0x00410e90	audio.cpp..event.cpp	1	0x04	0x0065a058	thiscall
0x00411844	0x004114e0	audio.cpp..event.cpp	2	0x08	0x0065a058	thiscall
0x0041186d	0x004114e0	audio.cpp..event.cpp	1	0x04	0x0065a058	thiscall
0x00411a87	0x00411a20	audio.cpp..event.cpp	2	0x08	0x0065a058	thiscall
0x00411ab0	0x00411a20	audio.cpp..event.cpp	1	0x04	0x0065a058	thiscall
0x00411b8d	0x00411b20	audio.cpp..event.cpp	2	0x08	0x0065a058	thiscall
0x00411bb6	0x00411b20	audio.cpp..event.cpp	1	0x04	0x0065a058	thiscall
0x00412fc7	0x00412f80	audio.cpp..event.cpp	2	0x08	0x004fcdf4	stdcall
0x004130f4	0x00412fe0	audio.cpp..event.cpp	5	0x14	0x00507128	stdcall
0x0041311d	0x00412fe0	audio.cpp..event.cpp	1	0x04	0x0065a058	thiscall
0x00413192	0x00412fe0	audio.cpp..event.cpp	5	0x14	0x004fcdf4	stdcall
0x0041327b	0x00412fe0	audio.cpp..event.cpp	5	0x14	0x00507128	stdcall
0x004135ce	0x004135c0	audio.cpp..event.cpp	0	0x00	0x004fcf00	thiscall
0x004135e8	0x004135c0	audio.cpp..event.cpp	0	0x00	0x004fcf54	thiscall
0x00413602	0x004135c0	audio.cpp..event.cpp	0	0x00	0x004fcf4c	thiscall
0x00413a73	0x00413a30	audio.cpp..event.cpp	1	0x04	0x00000000	thiscall
0x00413d7b	0x00413bc0	audio.cpp..event.cpp	1	0x04	0x00000000	thiscall
0x00413e4e	0x00413bc0	audio.cpp..event.cpp	1	0x04	0x00000000	thiscall
0x00414378	0x00414370	audio.cpp..event.cpp	2	0x08	0x004fcf00	thiscall
0x00414383	0x00414370	audio.cpp..event.cpp	2	0x08	0x004fcf54	thiscall
0x00414392	0x00414370	audio.cpp..event.cpp	2	0x08	0x004fcf4c	thiscall
0x004143d3	0x004143a0	audio.cpp..event.cpp	1	0x04	0x004fcf00	thiscall
0x004143fc	0x004143a0	audio.cpp..event.cpp	1	0x04	0x004fcf54	thiscall
0x00414429	0x004143a0	audio.cpp..event.cpp	1	0x04	0x004fcf4c	thiscall
0x00418d42	0x00418c20	audio.cpp..event.cpp	1	0x04	0x00000000	?
0x0041a8bc	0x0041a8b0	audio.cpp..event.cpp	24	0x60	0x00502ad4	stdcall
0x0041a8cb	0x0041a8b0	audio.cpp..event.cpp	27	0x6c	0x00502ad4	stdcall
0x0041a8da	0x0041a8b0	audio.cpp..event.cpp	24	0x60	0x00503100	stdcall
0x0041a8e9	0x0041a8b0	audio.cpp..event.cpp	27	0x6c	0x00503100	stdcall
0x0041a8f8	0x0041a8b0	audio.cpp..event.cpp	24	0x60	0x00514e94	stdcall
0x0041a907	0x0041a8b0	audio.cpp..event.cpp	27	0x6c	0x00514e94	stdcall
0x0041a924	0x0041a8b0	audio.cpp..event.cpp	24	0x60	0x00000000	stdcall
0x0041a937	0x0041a8b0	audio.cpp..event.cpp	27	0x6c	0x00000000	stdcall
0x0041a96c	0x0041a950	audio.cpp..event.cpp	2	0x08	0x00507340	stdcall
0x0041a981	0x0041a950	audio.cpp..event.cpp	2	0x08	0x00503100	stdcall
0x0041a9a0	0x0041a950	audio.cpp..event.cpp	2	0x08	0x00000000	stdcall
0x0041a9c1	0x0041a950	audio.cpp..event.cpp	2	0x08	0x00502ad4	stdcall
0x0041a9d8	0x0041a950	audio.cpp..event.cpp	19	0x4c	0x004fdf78	stdcall
0x0041a9e3	0x0041a950	audio.cpp..event.cpp	2	0x08	0x004fdf78	stdcall
0x0041a9f8	0x0041a950	audio.cpp..event.cpp	2	0x08	0x004fe098	stdcall
0x0041aa6e	0x0041aa10	audio.cpp..event.cpp	0	0x00	0x004fdf78	stdcall
0x0041aa8c	0x0041aa10	audio.cpp..event.cpp	20	0x50	0x004fe098	stdcall
0x0041aa97	0x0041aa10	audio.cpp..event.cpp	20	0x50	0x00000000	stdcall
0x0041aabf	0x0041aa10	audio.cpp..event.cpp	20	0x50	0x004fdf78	stdcall
0x0041ab00	0x0041aa10	audio.cpp..event.cpp	20	0x50	0x004fdf78	stdcall
0x0041ab2a	0x0041aa10	audio.cpp..event.cpp	21	0x54	0x004fe098	stdcall
0x0041ab84	0x0041aa10	audio.cpp..event.cpp	6	0x18	0x004fe098	stdcall
0x0041abd2	0x0041aa10	audio.cpp..event.cpp	12	0x30	0x00502ad4	stdcall
0x0041ac9f	0x0041ac60	audio.cpp..event.cpp	7	0x1c	0x00502ad4	stdcall
0x0041ad01	0x0041ac60	audio.cpp..event.cpp	11	0x2c	0x00502ad4	stdcall
0x0041ad14	0x0041ac60	audio.cpp..event.cpp	27	0x6c	0x00502ad4	stdcall
0x0041ad8d	0x0041ad30	audio.cpp..event.cpp	5	0x14	0x00000000	stdcall
0x0041b132	0x0041b0e0	audio.cpp..event.cpp	5	0x14	0x004fdf78	stdcall
0x0041b140	0x0041b0e0	audio.cpp..event.cpp	5	0x14	0x00000000	stdcall
0x0041b14e	0x0041b0e0	audio.cpp..event.cpp	31	0x7c	0x00502ad4	stdcall
0x0041b6b2	0x0041b6a0	audio.cpp..event.cpp	2	0x08	0x00000000	stdcall
0x0041b757	0x0041b720	audio.cpp..event.cpp	6	0x18	0x00000000	stdcall
0x0041b877	0x0041b850	audio.cpp..event.cpp	22	0x58	0x00502ad4	stdcall
0x0041b8e2	0x0041b850	audio.cpp..event.cpp	6	0x18	0x004fe098	stdcall
0x0041b91b	0x0041b850	audio.cpp..event.cpp	6	0x18	0x004fe098	stdcall
0x0041b959	0x0041b850	audio.cpp..event.cpp	29	0x74	0x00000000	stdcall
0x0041b992	0x0041b970	audio.cpp..event.cpp	29	0x74	0x00000000	stdcall
0x0041b9e9	0x0041b9a0	audio.cpp..event.cpp	25	0x64	0x00000000	stdcall
0x0041b9ff	0x0041b9a0	audio.cpp..event.cpp	27	0x6c	0x00502ad4	stdcall
0x0041ba58	0x0041ba40	audio.cpp..event.cpp	32	0x80	0x00507128	stdcall
0x0041c056	0x0041be80	audio.cpp..event.cpp	23	0x5c	0x004fe098	stdcall
0x0041c089	0x0041be80	audio.cpp..event.cpp	6	0x18	0x004fe098	stdcall
0x0041c0ce	0x0041be80	audio.cpp..event.cpp	6	0x18	0x004fe098	stdcall
0x0041c0f6	0x0041be80	audio.cpp..event.cpp	27	0x6c	0x00000000	stdcall
0x0041c10b	0x0041be80	audio.cpp..event.cpp	25	0x64	0x00000000	stdcall
0x0041c154	0x0041be80	audio.cpp..event.cpp	32	0x80	0x00000000	stdcall
0x0041c186	0x0041be80	audio.cpp..event.cpp	2	0x08	0x00000000	stdcall
0x0041c192	0x0041be80	audio.cpp..event.cpp	2	0x08	0x00000000	stdcall
0x0041ceb8	0x0041ce20	audio.cpp..event.cpp	5	0x14	0x00507128	stdcall
0x0041d110	0x0041d060	audio.cpp..event.cpp	7	0x1c	0x00503100	stdcall
0x0041f060	0x0041ef80	event.cpp	0	0x00	0x00000000	?
0x00423e0c	0x00423d90	event.cpp..gameproc.cpp	22	0x58	0x00000000	stdcall
0x00423e3e	0x00423d90	event.cpp..gameproc.cpp	25	0x64	0x00000000	stdcall
0x00423e7d	0x00423d90	event.cpp..gameproc.cpp	32	0x80	0x00000000	stdcall
0x00423eb9	0x00423d90	event.cpp..gameproc.cpp	2	0x08	0x00000000	stdcall
0x004242d6	0x00424280	event.cpp..gameproc.cpp	22	0x58	0x00000000	stdcall
0x00424307	0x00424280	event.cpp..gameproc.cpp	25	0x64	0x00000000	stdcall
0x0042434d	0x00424280	event.cpp..gameproc.cpp	32	0x80	0x00000000	stdcall
0x0042438b	0x00424280	event.cpp..gameproc.cpp	2	0x08	0x00000000	stdcall
0x0042531f	0x00425300	event.cpp..gameproc.cpp	0	0x00	0x00000000	thiscall
0x004256fe	0x00425300	event.cpp..gameproc.cpp	0	0x00	0x0065a058	thiscall
0x00425b0c	0x00425af0	gameproc.cpp..item.cpp	0	0x00	0x0065a058	thiscall
0x00425b81	0x00425af0	gameproc.cpp..item.cpp	1	0x04	0x0065a058	thiscall
0x00425b9c	0x00425af0	gameproc.cpp..item.cpp	7	0x1c	0x004fe08c	stdcall
0x00425bbf	0x00425af0	gameproc.cpp..item.cpp	2	0x08	0x0065a058	thiscall
0x00425c01	0x00425af0	gameproc.cpp..item.cpp	7	0x1c	0x00502ad4	stdcall
0x0042607f	0x00425ee0	gameproc.cpp..item.cpp	2	0x08	0x0065a058	thiscall
0x004262c8	0x004260c0	gameproc.cpp..item.cpp	1	0x04	0x0065a058	thiscall
0x00426410	0x00426400	gameproc.cpp..item.cpp	0	0x00	0x0065a058	thiscall
0x00426507	0x00426400	gameproc.cpp..item.cpp	1	0x04	0x0065a058	thiscall
0x004265e7	0x00426570	gameproc.cpp..item.cpp	2	0x08	0x0065a058	thiscall
0x00426a09	0x004269b0	gameproc.cpp..item.cpp	1	0x04	0x0065a058	thiscall
0x00426a32	0x004269b0	gameproc.cpp..item.cpp	1	0x04	0x0065a058	thiscall
0x00426d70	0x00426d30	gameproc.cpp..item.cpp	3	0x0c	0x00512fd0	stdcall
0x00426d94	0x00426d30	gameproc.cpp..item.cpp	11	0x2c	0x00512fd4	stdcall
0x00426dba	0x00426d30	gameproc.cpp..item.cpp	13	0x34	0x00512fd4	stdcall
0x00426de0	0x00426d30	gameproc.cpp..item.cpp	6	0x18	0x00512fd4	stdcall
0x00426e0b	0x00426d30	gameproc.cpp..item.cpp	3	0x0c	0x00512fd0	stdcall
0x00426e2f	0x00426d30	gameproc.cpp..item.cpp	11	0x2c	0x00512fd8	stdcall
0x00426e51	0x00426d30	gameproc.cpp..item.cpp	13	0x34	0x00512fd8	stdcall
0x00426eb8	0x00426ea0	gameproc.cpp..item.cpp	8	0x20	0x00512fd4	stdcall
0x00426ec3	0x00426ea0	gameproc.cpp..item.cpp	2	0x08	0x00512fd4	stdcall
0x00426ed8	0x00426ea0	gameproc.cpp..item.cpp	8	0x20	0x00512fdc	stdcall
0x00426ee3	0x00426ea0	gameproc.cpp..item.cpp	2	0x08	0x00512fdc	stdcall
0x00426ef8	0x00426ea0	gameproc.cpp..item.cpp	8	0x20	0x00512fd8	stdcall
0x00426f03	0x00426ea0	gameproc.cpp..item.cpp	2	0x08	0x00512fd8	stdcall
0x00426f14	0x00426ea0	gameproc.cpp..item.cpp	2	0x08	0x00512fd0	stdcall
0x00426f2c	0x00426f20	gameproc.cpp..item.cpp	7	0x1c	0x00512fd4	stdcall
0x004270dc	0x00427070	gameproc.cpp..item.cpp	10	0x28	0x00512fd4	stdcall
0x00427106	0x00427070	gameproc.cpp..item.cpp	10	0x28	0x00512fd4	stdcall
0x004272fd	0x00427070	gameproc.cpp..item.cpp	9	0x24	0x00512fd8	stdcall
0x0042730c	0x00427070	gameproc.cpp..item.cpp	7	0x1c	0x00512fd8	stdcall
0x0042732b	0x00427070	gameproc.cpp..item.cpp	9	0x24	0x00512fd8	stdcall
0x0042c2a0	0x0042bea0	item.cpp..map.cpp	25	0x64	0x00000000	stdcall
0x0042c2e4	0x0042bea0	item.cpp..map.cpp	32	0x80	0x00000000	stdcall
0x0042d3b4	0x0042d390	item.cpp..map.cpp	2	0x08	0x00514e94	stdcall
0x0042d677	0x0042d580	item.cpp..map.cpp	5	0x14	0x00000000	stdcall
0x0042d8e3	0x0042d6d0	item.cpp..map.cpp	7	0x1c	0x00000000	stdcall
0x0042da20	0x0042d9b0	item.cpp..map.cpp	7	0x1c	0x00503100	stdcall
0x0042dac8	0x0042da30	item.cpp..map.cpp	7	0x1c	0x004fe08c	stdcall
0x0042eb2b	0x0042e9c0	map.cpp..objscript.cpp	3	0x0c	0x00000000	thiscall
0x0042ee64	0x0042ee40	map.cpp..objscript.cpp	0	0x00	0x0065a058	thiscall
0x0042f3f4	0x0042f170	map.cpp..objscript.cpp	10	0x28	0x004fdf78	stdcall
0x0042f464	0x0042f440	map.cpp..objscript.cpp	0	0x00	0x0065a058	thiscall
0x0042f625	0x0042f4c0	map.cpp..objscript.cpp	3	0x0c	0x00000000	?
0x0042f8a4	0x0042f880	map.cpp..objscript.cpp	0	0x00	0x0065a058	thiscall
0x0042f9c2	0x0042f880	map.cpp..objscript.cpp	1	0x04	0x00000000	?
0x0042fc9c	0x0042fb00	map.cpp..objscript.cpp	3	0x0c	0x00000000	?
0x0042ff84	0x0042ff60	map.cpp..objscript.cpp	0	0x00	0x0065a058	thiscall
0x00430032	0x0042ff60	map.cpp..objscript.cpp	10	0x28	0x004fdf78	stdcall
0x0043028d	0x004301d0	map.cpp..objscript.cpp	1	0x04	0x00000000	?
0x004303a0	0x00430330	map.cpp..objscript.cpp	1	0x04	0x00000000	?
0x004317e4	0x004317c0	map.cpp..objscript.cpp	0	0x00	0x0065a058	thiscall
0x00431b11	0x004317c0	map.cpp..objscript.cpp	1	0x04	0x00000000	thiscall
0x00431caa	0x00431c30	map.cpp..objscript.cpp	1	0x04	0x00000000	thiscall
0x00431d5d	0x00431c30	map.cpp..objscript.cpp	1	0x04	0x00000000	?
0x00431f1d	0x00431e10	map.cpp..objscript.cpp	1	0x04	0x00000000	thiscall
0x0043229f	0x00431e10	map.cpp..objscript.cpp	1	0x04	0x00000000	thiscall
0x00432783	0x004326f0	map.cpp..objscript.cpp	1	0x04	0x00000000	thiscall
0x004328e6	0x004326f0	map.cpp..objscript.cpp	1	0x04	0x00000000	thiscall
0x00432934	0x00432910	map.cpp..objscript.cpp	0	0x00	0x0065a058	thiscall
0x00432e15	0x00432d40	map.cpp..objscript.cpp	1	0x04	0x00000000	?
0x00432f9b	0x00432e20	map.cpp..objscript.cpp	1	0x04	0x00000000	thiscall
0x00433171	0x00433030	map.cpp..objscript.cpp	1	0x04	0x00000000	?
0x00433221	0x00433030	map.cpp..objscript.cpp	1	0x04	0x00000000	?
0x004334a4	0x00433480	map.cpp..objscript.cpp	0	0x00	0x0065a058	thiscall
0x00445159	0x00445120	script.cpp..unit.cpp	2	0x08	0x00000000	stdcall
0x00445212	0x004451f0	script.cpp..unit.cpp	0	0x00	0x006568a0	thiscall
0x0044535f	0x00445320	script.cpp..unit.cpp	20	0x50	0x00000000	stdcall
0x0044537b	0x00445320	script.cpp..unit.cpp	6	0x18	0x00000000	stdcall
0x00445385	0x00445320	script.cpp..unit.cpp	2	0x08	0x00000000	stdcall
0x00445407	0x004453c0	script.cpp..unit.cpp	25	0x64	0x00000000	stdcall
0x00445417	0x004453c0	script.cpp..unit.cpp	27	0x6c	0x00000000	stdcall
0x00445435	0x004453c0	script.cpp..unit.cpp	31	0x7c	0x00000000	stdcall
0x00445467	0x004453c0	script.cpp..unit.cpp	25	0x64	0x00000000	stdcall
0x00445478	0x004453c0	script.cpp..unit.cpp	27	0x6c	0x00000000	stdcall
0x004454b1	0x004453c0	script.cpp..unit.cpp	32	0x80	0x00000000	stdcall
0x004455cf	0x00445500	script.cpp..unit.cpp	5	0x14	0x00000000	stdcall
0x0044563c	0x00445630	script.cpp..unit.cpp	0	0x00	0x006568a0	thiscall
0x00445df8	0x00445d80	script.cpp..unit.cpp	2	0x08	0x00000000	stdcall
0x00445e5a	0x00445e40	script.cpp..unit.cpp	2	0x08	0x00000000	stdcall
0x00445ebb	0x00445eb0	script.cpp..unit.cpp	27	0x6c	0x00000000	stdcall
0x0044623e	0x00446070	script.cpp..unit.cpp	32	0x80	0x00000000	stdcall
0x00446274	0x00446070	script.cpp..unit.cpp	7	0x1c	0x00507128	stdcall
0x004465f1	0x004465e0	script.cpp..unit.cpp	17	0x44	0x004fe08c	stdcall
0x00446691	0x004465e0	script.cpp..unit.cpp	26	0x68	0x004fe08c	stdcall
0x0044d63b	0x0044d110	script.cpp..unit.cpp	1	0x04	0x0065a05c	thiscall
0x0044d696	0x0044d110	script.cpp..unit.cpp	1	0x04	0x0065a05c	thiscall
0x0044d719	0x0044d6d0	script.cpp..unit.cpp	7	0x1c	0x00502ad4	stdcall
0x0044d75b	0x0044d730	script.cpp..unit.cpp	0	0x00	0x0065a058	thiscall
0x0044db9e	0x0044db90	script.cpp..unit.cpp	0	0x00	0x0065a058	thiscall
0x0044dd54	0x0044dbb0	script.cpp..unit.cpp	3	0x0c	0x00000000	?
0x0044df44	0x0044df20	script.cpp..unit.cpp	0	0x00	0x0065a058	thiscall
0x0044e6c4	0x0044e6a0	script.cpp..unit.cpp	0	0x00	0x0065a058	thiscall
0x0044e8a2	0x0044e730	script.cpp..unit.cpp	3	0x0c	0x00000000	thiscall
0x0044eaf4	0x0044ead0	script.cpp..unit.cpp	0	0x00	0x0065a058	thiscall
0x0044ee74	0x0044ee50	script.cpp..unit.cpp	0	0x00	0x0065a058	thiscall
0x0044f244	0x0044f220	script.cpp..unit.cpp	0	0x00	0x0065a058	thiscall
0x0044fa04	0x0044f9e0	script.cpp..unit.cpp	0	0x00	0x0065a058	thiscall
0x0044fdf4	0x0044fdd0	script.cpp..unit.cpp	0	0x00	0x0065a058	thiscall
0x00450274	0x00450250	script.cpp..unit.cpp	0	0x00	0x0065a058	thiscall
0x004506c4	0x004506a0	script.cpp..unit.cpp	0	0x00	0x0065a058	thiscall
0x00450b94	0x00450b70	script.cpp..unit.cpp	0	0x00	0x0065a058	thiscall
0x00450d8f	0x00450ce0	script.cpp..unit.cpp	3	0x0c	0x00000000	?
0x00450dd3	0x00450ce0	script.cpp..unit.cpp	1	0x04	0x00000000	?
0x00450f1d	0x00450e10	script.cpp..unit.cpp	3	0x0c	0x00000000	thiscall
0x00450fa8	0x00450e10	script.cpp..unit.cpp	3	0x0c	0x00000000	?
0x004511ed	0x00451100	script.cpp..unit.cpp	1	0x04	0x00000000	?
0x00451234	0x00451210	script.cpp..unit.cpp	0	0x00	0x0065a058	thiscall
0x00451601	0x00451400	script.cpp..unit.cpp	3	0x0c	0x00000000	?
0x00451934	0x00451910	script.cpp..unit.cpp	0	0x00	0x0065a058	thiscall
0x00451c45	0x00451af0	script.cpp..unit.cpp	3	0x0c	0x00000000	?
0x00451e34	0x00451e10	script.cpp..unit.cpp	0	0x00	0x0065a058	thiscall
0x00452340	0x004520e0	script.cpp..unit.cpp	3	0x0c	0x00000000	?
0x004526a7	0x00452680	script.cpp..unit.cpp	0	0x00	0x0065a058	thiscall
0x004529b4	0x00452990	script.cpp..unit.cpp	0	0x00	0x0065a058	thiscall
0x00452a5b	0x00452990	script.cpp..unit.cpp	0	0x00	0x0065a058	thiscall
0x00452b6e	0x00452aa0	script.cpp..unit.cpp	3	0x0c	0x00000000	?
0x00452f74	0x00452f50	script.cpp..unit.cpp	0	0x00	0x0065a058	thiscall
0x00453064	0x00452f50	script.cpp..unit.cpp	1	0x04	0x00000000	?
0x004534d1	0x00453280	script.cpp..unit.cpp	3	0x0c	0x00000000	?
0x004538b4	0x00453890	script.cpp..unit.cpp	0	0x00	0x0065a058	thiscall
0x00453bd9	0x00453bc0	script.cpp..unit.cpp	0	0x00	0x00000000	thiscall
0x00453d3b	0x00453c40	script.cpp..unit.cpp	1	0x04	0x00000000	?
0x00453e12	0x00453db0	script.cpp..unit.cpp	3	0x0c	0x00000000	?
0x00453e70	0x00453e20	script.cpp..unit.cpp	3	0x0c	0x00000000	?
0x00453e95	0x00453e80	script.cpp..unit.cpp	2	0x08	0x00000000	?
0x00453f72	0x00453e80	script.cpp..unit.cpp	1	0x04	0x00000000	thiscall
0x00454035	0x00453e80	script.cpp..unit.cpp	1	0x04	0x00000000	thiscall
0x0045405d	0x00453e80	script.cpp..unit.cpp	1	0x04	0x00000000	?
0x00454093	0x00454070	script.cpp..unit.cpp	4	0x10	0x00000000	thiscall
0x004540e0	0x00454070	script.cpp..unit.cpp	1	0x04	0x00000000	?
0x0045435b	0x004542f0	script.cpp..unit.cpp	3	0x0c	0x00000000	?
0x004543a2	0x004542f0	script.cpp..unit.cpp	1	0x04	0x00000000	?
0x004543e0	0x004542f0	script.cpp..unit.cpp	1	0x04	0x00000000	?
0x00454422	0x004542f0	script.cpp..unit.cpp	1	0x04	0x00000000	?
0x00454460	0x004542f0	script.cpp..unit.cpp	1	0x04	0x00000000	?
0x004544b2	0x004542f0	script.cpp..unit.cpp	1	0x04	0x00000000	?
0x00454508	0x004542f0	script.cpp..unit.cpp	1	0x04	0x00000000	?
0x00454555	0x004542f0	script.cpp..unit.cpp	1	0x04	0x00000000	?
0x004545b2	0x004542f0	script.cpp..unit.cpp	1	0x04	0x00000000	?
0x00454604	0x004542f0	script.cpp..unit.cpp	1	0x04	0x00000000	?
0x004547a2	0x00454640	script.cpp..unit.cpp	1	0x04	0x00000000	?
0x00454e5d	0x00454cc0	script.cpp..unit.cpp	3	0x0c	0x00000000	?
0x0045515d	0x00455090	script.cpp..unit.cpp	1	0x04	0x00000000	?
0x004553c3	0x00455090	script.cpp..unit.cpp	3	0x0c	0x00000000	?
0x00455445	0x00455090	script.cpp..unit.cpp	1	0x04	0x00000000	?
0x004555da	0x00455090	script.cpp..unit.cpp	1	0x04	0x00000000	?
0x0045568c	0x00455090	script.cpp..unit.cpp	1	0x04	0x00000000	?
0x004556ef	0x00455090	script.cpp..unit.cpp	1	0x04	0x00000000	thiscall
0x00455735	0x00455090	script.cpp..unit.cpp	1	0x04	0x00000000	?
0x0045579a	0x00455090	script.cpp..unit.cpp	1	0x04	0x00000000	?
0x004557e3	0x00455090	script.cpp..unit.cpp	1	0x04	0x00000000	?
0x00455848	0x00455090	script.cpp..unit.cpp	1	0x04	0x00000000	?
0x00455912	0x00455090	script.cpp..unit.cpp	1	0x04	0x00000000	?
0x00455c47	0x00455c10	script.cpp..unit.cpp	1	0x04	0x00000000	thiscall
0x00455c71	0x00455c10	script.cpp..unit.cpp	1	0x04	0x00000000	?
0x00455dac	0x00455d60	script.cpp..unit.cpp	1	0x04	0x00000000	thiscall
0x00455e5f	0x00455e10	script.cpp..unit.cpp	1	0x04	0x00000000	thiscall
0x0045663a	0x00456300	script.cpp..unit.cpp	1	0x04	0x00000000	?
0x004566ca	0x00456300	script.cpp..unit.cpp	1	0x04	0x00000000	?
0x00456bb1	0x00456990	script.cpp..unit.cpp	1	0x04	0x00000000	?
0x00456db2	0x00456ca0	script.cpp..unit.cpp	1	0x04	0x00000000	?
0x00456e0f	0x00456dc0	script.cpp..unit.cpp	1	0x04	0x00000000	?
0x0046252b	0x004624a0	>=unit.cpp	5	0x14	0x004fe08c	stdcall
0x00462575	0x004624a0	>=unit.cpp	5	0x14	0x004fe08c	stdcall
0x004625de	0x004624a0	>=unit.cpp	5	0x14	0x004fe08c	stdcall
