addr	size	callers	tu
0x00401000	64	5	<=air.cpp
0x00401040	16	11	<=air.cpp
0x00401050	96	12	<=air.cpp
0x004010b0	16	3	<=air.cpp
0x004010c0	144	10	<=air.cpp
0x00401150	192	2	<=air.cpp
0x00401210	48	1	<=air.cpp
0x00401240	128	5	<=air.cpp
0x004012c0	112	1	<=air.cpp
0x00401330	128	2	<=air.cpp
0x004013b0	96	1	<=air.cpp
0x00401410	176	3	<=air.cpp
0x004014c0	3040	1	<=air.cpp
0x004020a0	208	1	<=air.cpp
0x00402170	48	4	<=air.cpp
0x004021a0	304	1	<=air.cpp
0x004022d0	928	14	<=air.cpp
0x00402670	32	1	<=air.cpp
0x00402690	112	2	<=air.cpp
0x00402700	32	6	<=air.cpp
0x00402720	48	1	<=air.cpp
0x00402750	160	1	<=air.cpp
0x004027f0	416	5	<=air.cpp
0x00402990	32	27	<=air.cpp
0x004029b0	544	7	<=air.cpp
0x00402bd0	48	4	<=air.cpp
0x00402c00	48	1	<=air.cpp
0x00402c30	384	1	<=air.cpp
0x00402db0	160	2	<=air.cpp
0x00402e50	64	2	<=air.cpp
0x00402e90	48	1	<=air.cpp
0x00402ec0	64	1	<=air.cpp
0x00402f00	80	1	<=air.cpp
0x00402f50	256	1	<=air.cpp
0x00403050	560	1	<=air.cpp
0x00403280	64	2	<=air.cpp
0x004032c0	48	1	<=air.cpp
0x004032f0	48	2	<=air.cpp
0x00403320	48	2	<=air.cpp
0x00403350	48	1	<=air.cpp
0x00403380	48	1	<=air.cpp
0x004033b0	48	1	<=air.cpp
0x004033e0	32	1	<=air.cpp
0x00403400	496	1	<=air.cpp
0x004035f0	16	1	<=air.cpp
0x00403600	240	5	<=air.cpp
0x004036f0	1024	1	<=air.cpp
0x00403af0	80	3	<=air.cpp
0x00403b40	1888	5	<=air.cpp
0x004042a0	352	1	<=air.cpp
0x00404400	384	2	<=air.cpp
0x00404580	96	3	<=air.cpp
0x004045e0	336	3	<=air.cpp
0x00404730	656	3	<=air.cpp
0x004049c0	1168	26	<=air.cpp
0x00404e50	128	2	<=air.cpp
0x00404ed0	112	2	<=air.cpp
0x00404f40	272	4	<=air.cpp
0x00405050	176	10	<=air.cpp
0x00405100	288	6	<=air.cpp
0x00405220	1424	3	<=air.cpp
0x004057b0	32	2	<=air.cpp
0x004057d0	1344	3	<=air.cpp
0x00405d10	32	1	<=air.cpp
0x00405d30	128	2	<=air.cpp
0x00405db0	800	2	<=air.cpp
0x004060d0	480	1	<=air.cpp
0x004062b0	432	1	<=air.cpp
0x00406460	128	1	<=air.cpp
0x004064e0	112	4	<=air.cpp
0x00406550	352	2	<=air.cpp
0x004066b0	112	2	<=air.cpp
0x00406720	224	2	<=air.cpp
0x00406800	288	1	<=air.cpp
0x00406920	144	2	<=air.cpp
0x004069b0	144	1	<=air.cpp
0x00406a40	112	2	<=air.cpp
0x00406ab0	128	1	<=air.cpp
0x00406b30	1264	1	<=air.cpp
0x00407020	368	1	<=air.cpp
0x00407190	784	9	<=air.cpp
0x004074a0	192	4	<=air.cpp
0x00407560	224	1	<=air.cpp
0x00407640	208	1	<=air.cpp
0x00407710	1216	2	<=air.cpp
0x00407bd0	32	1	<=air.cpp
0x00407bf0	144	1	<=air.cpp
0x00407c80	240	1	<=air.cpp
0x00407d70	528	1	<=air.cpp
0x00407f80	224	2	<=air.cpp
0x00408060	432	1	<=air.cpp
0x00408210	784	3	<=air.cpp
0x00408520	64	2	<=air.cpp
0x00408560	32	3	<=air.cpp
0x00408580	192	1	<=air.cpp
0x00408640	1056	1	<=air.cpp
0x00408a60	704	1	<=air.cpp
0x00408d20	224	1	<=air.cpp
0x00408e00	64	1	<=air.cpp
0x00408e40	16	2	<=air.cpp
0x00408e50	304	1	<=air.cpp
0x00408f80	112	1	<=air.cpp
0x00408ff0	128	2	<=air.cpp
0x00409070	864	1	<=air.cpp
0x004093d0	368	1	<=air.cpp
0x00409540	320	1	<=air.cpp
0x00409680	144	1	<=air.cpp
0x00409710	192	3	<=air.cpp
0x004097d0	112	2	<=air.cpp
0x00409840	48	1	<=air.cpp
0x00409870	64	1	<=air.cpp
0x004098b0	112	2	air.cpp..audio.cpp
0x00409920	16	1	air.cpp..audio.cpp
0x00409930	48	1	air.cpp..audio.cpp
0x00409960	144	1	air.cpp..audio.cpp
0x004099f0	496	1	air.cpp..audio.cpp
0x00409be0	768	1	air.cpp..audio.cpp
0x00409ee0	112	14	air.cpp..audio.cpp
0x00409f50	192	14	air.cpp..audio.cpp
0x0040a010	16	10	air.cpp..audio.cpp
0x0040a020	16	8	air.cpp..audio.cpp
0x0040a030	16	2	air.cpp..audio.cpp
0x0040a040	16	1	air.cpp..audio.cpp
0x0040a050	64	2	air.cpp..audio.cpp
0x0040a090	160	1	air.cpp..audio.cpp
0x0040a130	112	2	air.cpp..audio.cpp
0x0040a1a0	304	11	air.cpp..audio.cpp
0x0040a2d0	64	6	air.cpp..audio.cpp
0x0040a310	112	3	air.cpp..audio.cpp
0x0040a380	272	1	air.cpp..audio.cpp
0x0040a490	32	2	air.cpp..audio.cpp
0x0040a4b0	480	1	air.cpp..audio.cpp
0x0040a690	16	1	air.cpp..audio.cpp
0x0040a6a0	2256	1	air.cpp..audio.cpp
0x0040af70	144	1	air.cpp..audio.cpp
0x0040b000	112	1	air.cpp..audio.cpp
0x0040b070	432	2	air.cpp..audio.cpp
0x0040b220	96	3	air.cpp..audio.cpp
0x0040b280	48	2	air.cpp..audio.cpp
0x0040b2b0	176	1	air.cpp..audio.cpp
0x0040b360	672	1	air.cpp..audio.cpp
0x0040b600	416	1	air.cpp..audio.cpp
0x0040b7a0	96	1	air.cpp..audio.cpp
0x0040b800	96	1	air.cpp..audio.cpp
0x0040b860	144	1	air.cpp..audio.cpp
0x0040b8f0	1024	10	air.cpp..audio.cpp
0x0040bcf0	256	1	air.cpp..audio.cpp
0x0040bdf0	272	1	air.cpp..audio.cpp
0x0040bf00	240	1	air.cpp..audio.cpp
0x0040bff0	80	35	audio.cpp..event.cpp
0x0040c040	480	165	audio.cpp..event.cpp
0x0040c220	288	1	audio.cpp..event.cpp
0x0040c340	256	2	audio.cpp..event.cpp
0x0040c440	240	2	audio.cpp..event.cpp
0x0040c530	432	1	audio.cpp..event.cpp
0x0040c6e0	48	1	audio.cpp..event.cpp
0x0040c710	144	1	audio.cpp..event.cpp
0x0040c7a0	48	1	audio.cpp..event.cpp
0x0040c7d0	48	8	audio.cpp..event.cpp
0x0040c800	432	1	audio.cpp..event.cpp
0x0040c9b0	64	1	audio.cpp..event.cpp
0x0040c9f0	32	1	audio.cpp..event.cpp
0x0040ca10	416	1	audio.cpp..event.cpp
0x0040cbb0	64	4	audio.cpp..event.cpp
0x0040cbf0	240	6	audio.cpp..event.cpp
0x0040cce0	64	2	audio.cpp..event.cpp
0x0040cd20	368	1	audio.cpp..event.cpp
0x0040ce90	64	3	audio.cpp..event.cpp
0x0040ced0	1792	1	audio.cpp..event.cpp
0x0040d5d0	176	6	audio.cpp..event.cpp
0x0040d680	176	3	audio.cpp..event.cpp
0x0040d730	176	1	audio.cpp..event.cpp
0x0040d7e0	128	13	audio.cpp..event.cpp
0x0040d860	32	1	audio.cpp..event.cpp
0x0040d880	176	1	audio.cpp..event.cpp
0x0040d930	320	9	audio.cpp..event.cpp
0x0040da70	224	3	audio.cpp..event.cpp
0x0040db50	416	1	audio.cpp..event.cpp
0x0040dcf0	48	1	audio.cpp..event.cpp
0x0040dd20	112	1	audio.cpp..event.cpp
0x0040dd90	64	1	audio.cpp..event.cpp
0x0040ddd0	64	1	audio.cpp..event.cpp
0x0040de10	432	3	audio.cpp..event.cpp
0x0040dfc0	1008	1	audio.cpp..event.cpp
0x0040e3b0	384	2	audio.cpp..event.cpp
0x0040e530	112	1	audio.cpp..event.cpp
0x0040e5a0	144	11	audio.cpp..event.cpp
0x0040e630	48	5	audio.cpp..event.cpp
0x0040e660	336	1	audio.cpp..event.cpp
0x0040e7b0	240	1	audio.cpp..event.cpp
0x0040e8a0	416	2	audio.cpp..event.cpp
0x0040ea40	304	4	audio.cpp..event.cpp
0x0040eb70	416	5	audio.cpp..event.cpp
0x0040ed10	1056	1	audio.cpp..event.cpp
0x0040f130	16	1	audio.cpp..event.cpp
0x0040f140	32	3	audio.cpp..event.cpp
0x0040f160	48	15	audio.cpp..event.cpp
0x0040f190	48	47	audio.cpp..event.cpp
0x0040f1c0	64	1	audio.cpp..event.cpp
0x0040f200	48	5	audio.cpp..event.cpp
0x0040f230	32	30	audio.cpp..event.cpp
0x0040f250	48	20	audio.cpp..event.cpp
0x0040f280	112	2	audio.cpp..event.cpp
0x0040f2f0	48	1	audio.cpp..event.cpp
0x0040f320	16	6	audio.cpp..event.cpp
0x0040f330	80	1	audio.cpp..event.cpp
0x0040f380	128	3	audio.cpp..event.cpp
0x0040f400	288	3	audio.cpp..event.cpp
0x0040f520	64	1	audio.cpp..event.cpp
0x0040f560	64	66	audio.cpp..event.cpp
0x0040f5a0	96	1	audio.cpp..event.cpp
0x0040f600	32	4	audio.cpp..event.cpp
0x0040f620	32	2	audio.cpp..event.cpp
0x0040f640	336	3	audio.cpp..event.cpp
0x0040f790	272	2	audio.cpp..event.cpp
0x0040f8a0	64	1	audio.cpp..event.cpp
0x0040f8e0	64	1	audio.cpp..event.cpp
0x0040f920	64	1	audio.cpp..event.cpp
0x0040f960	48	3	audio.cpp..event.cpp
0x0040f990	272	2	audio.cpp..event.cpp
0x0040faa0	208	2	audio.cpp..event.cpp
0x0040fb70	16	1	audio.cpp..event.cpp
0x0040fb80	48	1	audio.cpp..event.cpp
0x0040fbb0	400	1	audio.cpp..event.cpp
0x0040fd40	352	1	audio.cpp..event.cpp
0x0040fea0	496	1	audio.cpp..event.cpp
0x00410090	912	1	audio.cpp..event.cpp
0x00410420	464	4	audio.cpp..event.cpp
0x004105f0	304	20	audio.cpp..event.cpp
0x00410720	256	1	audio.cpp..event.cpp
0x00410820	112	8	audio.cpp..event.cpp
0x00410890	384	1	audio.cpp..event.cpp
0x00410a10	352	1	audio.cpp..event.cpp
0x00410b70	64	1	audio.cpp..event.cpp
0x00410bb0	304	1	audio.cpp..event.cpp
0x00410ce0	176	1	audio.cpp..event.cpp
0x00410d90	256	1	audio.cpp..event.cpp
0x00410e90	224	1	audio.cpp..event.cpp
0x00410f70	144	2	audio.cpp..event.cpp
0x00411000	256	1	audio.cpp..event.cpp
0x00411100	368	1	audio.cpp..event.cpp
0x00411270	624	15	audio.cpp..event.cpp
0x004114e0	928	1	audio.cpp..event.cpp
0x00411880	112	3	audio.cpp..event.cpp
0x004118f0	208	1	audio.cpp..event.cpp
0x004119c0	96	1	audio.cpp..event.cpp
0x00411a20	160	1	audio.cpp..event.cpp
0x00411ac0	96	2	audio.cpp..event.cpp
0x00411b20	176	1	audio.cpp..event.cpp
0x00411bd0	704	1	audio.cpp..event.cpp
0x00411e90	128	5	audio.cpp..event.cpp
0x00411f10	384	1	audio.cpp..event.cpp
0x00412090	144	1	audio.cpp..event.cpp
0x00412120	272	1	audio.cpp..event.cpp
0x00412230	224	1	audio.cpp..event.cpp
0x00412310	192	1	audio.cpp..event.cpp
0x004123d0	992	1	audio.cpp..event.cpp
0x004127b0	1408	2	audio.cpp..event.cpp
0x00412d30	160	30	audio.cpp..event.cpp
0x00412dd0	16	21	audio.cpp..event.cpp
0x00412de0	32	8	audio.cpp..event.cpp
0x00412e00	384	2	audio.cpp..event.cpp
0x00412f80	96	3	audio.cpp..event.cpp
0x00412fe0	1184	3	audio.cpp..event.cpp
0x00413480	320	2	audio.cpp..event.cpp
0x004135c0	80	2	audio.cpp..event.cpp
0x00413610	256	1	audio.cpp..event.cpp
0x00413710	192	1	audio.cpp..event.cpp
0x004137d0	608	1	audio.cpp..event.cpp
0x00413a30	80	4	audio.cpp..event.cpp
0x00413a80	320	1	audio.cpp..event.cpp
0x00413bc0	688	1	audio.cpp..event.cpp
0x00413e70	1280	1	audio.cpp..event.cpp
0x00414370	48	1	audio.cpp..event.cpp
0x004143a0	144	2	audio.cpp..event.cpp
0x00414430	112	10	audio.cpp..event.cpp
0x004144a0	384	46	audio.cpp..event.cpp
0x00414620	224	2	audio.cpp..event.cpp
0x00414700	304	1	audio.cpp..event.cpp
0x00414830	384	1	audio.cpp..event.cpp
0x004149b0	288	1	audio.cpp..event.cpp
0x00414ad0	48	2	audio.cpp..event.cpp
0x00414b00	752	16	audio.cpp..event.cpp
0x00414df0	192	1	audio.cpp..event.cpp
0x00414eb0	112	1	audio.cpp..event.cpp
0x00414f20	2064	7	audio.cpp..event.cpp
0x00415730	288	1	audio.cpp..event.cpp
0x00415850	2800	1	audio.cpp..event.cpp
0x00416340	3328	1	audio.cpp..event.cpp
0x00417040	208	1	audio.cpp..event.cpp
0x00417110	112	1	audio.cpp..event.cpp
0x00417180	1024	6	audio.cpp..event.cpp
0x00417580	528	1	audio.cpp..event.cpp
0x00417790	128	1	audio.cpp..event.cpp
0x00417810	128	1	audio.cpp..event.cpp
0x00417890	160	1	audio.cpp..event.cpp
0x00417930	384	1	audio.cpp..event.cpp
0x00417ab0	96	1	audio.cpp..event.cpp
0x00417b10	112	1	audio.cpp..event.cpp
0x00417b80	2304	1	audio.cpp..event.cpp
0x00418480	1952	1	audio.cpp..event.cpp
0x00418c20	320	1	audio.cpp..event.cpp
0x00418d60	592	1	audio.cpp..event.cpp
0x00418fb0	944	1	audio.cpp..event.cpp
0x00419360	592	1	audio.cpp..event.cpp
0x004195b0	192	1	audio.cpp..event.cpp
0x00419670	2816	1	audio.cpp..event.cpp
0x0041a170	64	3	audio.cpp..event.cpp
0x0041a1b0	128	2	audio.cpp..event.cpp
0x0041a230	32	1	audio.cpp..event.cpp
0x0041a250	64	48	audio.cpp..event.cpp
0x0041a290	64	1	audio.cpp..event.cpp
0x0041a2d0	800	3	audio.cpp..event.cpp
0x0041a5f0	80	10	audio.cpp..event.cpp
0x0041a640	112	3	audio.cpp..event.cpp
0x0041a6b0	512	1	audio.cpp..event.cpp
0x0041a8b0	160	2	audio.cpp..event.cpp
0x0041a950	192	2	audio.cpp..event.cpp
0x0041aa10	560	1	audio.cpp..event.cpp
0x0041ac40	32	28	audio.cpp..event.cpp
0x0041ac60	208	2	audio.cpp..event.cpp
0x0041ad30	128	7	audio.cpp..event.cpp
0x0041adb0	48	4	audio.cpp..event.cpp
0x0041ade0	176	1	audio.cpp..event.cpp
0x0041ae90	32	5	audio.cpp..event.cpp
0x0041aeb0	80	1	audio.cpp..event.cpp
0x0041af00	192	1	audio.cpp..event.cpp
0x0041afc0	288	1	audio.cpp..event.cpp
0x0041b0e0	1472	5	audio.cpp..event.cpp
0x0041b6a0	48	1	audio.cpp..event.cpp
0x0041b6d0	80	10	audio.cpp..event.cpp
0x0041b720	64	1	audio.cpp..event.cpp
0x0041b760	96	1	audio.cpp..event.cpp
0x0041b7c0	96	11	audio.cpp..event.cpp
0x0041b820	48	25	audio.cpp..event.cpp
0x0041b850	288	6	audio.cpp..event.cpp
0x0041b970	48	3	audio.cpp..event.cpp
0x0041b9a0	160	38	audio.cpp..event.cpp
0x0041ba40	80	34	audio.cpp..event.cpp
0x0041ba90	208	4	audio.cpp..event.cpp
0x0041bb60	96	2	audio.cpp..event.cpp
0x0041bbc0	352	1	audio.cpp..event.cpp
0x0041bd20	352	1	audio.cpp..event.cpp
0x0041be80	832	2	audio.cpp..event.cpp
0x0041c1c0	240	1	audio.cpp..event.cpp
0x0041c2b0	240	2	audio.cpp..event.cpp
0x0041c3a0	224	2	audio.cpp..event.cpp
0x0041c480	656	1	audio.cpp..event.cpp
0x0041c710	224	3	audio.cpp..event.cpp
0x0041c7f0	176	1	audio.cpp..event.cpp
0x0041c8a0	432	1	audio.cpp..event.cpp
0x0041ca50	336	1	audio.cpp..event.cpp
0x0041cba0	160	2	audio.cpp..event.cpp
0x0041cc40	160	2	audio.cpp..event.cpp
0x0041cce0	224	1	audio.cpp..event.cpp
0x0041cdc0	96	1	audio.cpp..event.cpp
0x0041ce20	160	23	audio.cpp..event.cpp
0x0041cec0	96	2	audio.cpp..event.cpp
0x0041cf20	112	2	audio.cpp..event.cpp
0x0041cf90	112	7	audio.cpp..event.cpp
0x0041d000	96	1	audio.cpp..event.cpp
0x0041d060	432	1	audio.cpp..event.cpp
0x0041d210	96	2	audio.cpp..event.cpp
0x0041d270	64	3	audio.cpp..event.cpp
0x0041d2b0	240	6	audio.cpp..event.cpp
0x0041d3a0	48	5	audio.cpp..event.cpp
0x0041d3d0	176	3	audio.cpp..event.cpp
0x0041d480	704	37	audio.cpp..event.cpp
0x0041d740	432	9	audio.cpp..event.cpp
0x0041d8f0	144	2	audio.cpp..event.cpp
0x0041d980	336	1	audio.cpp..event.cpp
0x0041dad0	80	6	audio.cpp..event.cpp
0x0041db20	112	4	audio.cpp..event.cpp
0x0041db90	336	1	audio.cpp..event.cpp
0x0041dce0	32	1	audio.cpp..event.cpp
0x0041dd00	144	7	audio.cpp..event.cpp
0x0041dd90	976	3	audio.cpp..event.cpp
0x0041e160	736	1	audio.cpp..event.cpp
0x0041e440	592	3	audio.cpp..event.cpp
0x0041e690	128	1	audio.cpp..event.cpp
0x0041e710	48	1	audio.cpp..event.cpp
0x0041e740	16	1	audio.cpp..event.cpp
0x0041e750	80	1	audio.cpp..event.cpp
0x0041e7a0	80	11	audio.cpp..event.cpp
0x0041e7f0	16	8	audio.cpp..event.cpp
0x0041e800	32	1	audio.cpp..event.cpp
0x0041e820	304	1	audio.cpp..event.cpp
0x0041e950	144	1	audio.cpp..event.cpp
0x0041e9e0	64	1	audio.cpp..event.cpp
0x0041ea20	96	1	audio.cpp..event.cpp
0x0041ea80	128	2	event.cpp
0x0041eb00	288	1	event.cpp
0x0041ec20	80	1	event.cpp
0x0041ec70	352	1	event.cpp
0x0041edd0	160	1	event.cpp
0x0041ee70	176	19	event.cpp
0x0041ef20	96	2	event.cpp
0x0041ef80	464	3	event.cpp
0x0041f150	176	1	event.cpp
0x0041f200	288	1	event.cpp
0x0041f320	240	1	event.cpp
0x0041f410	144	1	event.cpp
0x0041f4a0	128	26	event.cpp
0x0041f520	80	53	event.cpp
0x0041f570	80	1	event.cpp
0x0041f5c0	64	1	event.cpp
0x0041f600	80	1	event.cpp
0x0041f650	48	1	event.cpp
0x0041f680	48	1	event.cpp
0x0041f6b0	48	1	event.cpp
0x0041f6e0	48	1	event.cpp
0x0041f710	64	1	event.cpp
0x0041f750	48	1	event.cpp
0x0041f780	112	3	event.cpp
0x0041f7f0	48	1	event.cpp
0x0041f820	96	2	event.cpp
0x0041f880	48	1	event.cpp
0x0041f8b0	192	3	event.cpp
0x0041f970	64	1	event.cpp
0x0041f9b0	96	3	event.cpp
0x0041fa10	160	3	event.cpp
0x0041fab0	48	1	event.cpp
0x0041fae0	48	1	event.cpp
0x0041fb10	48	1	event.cpp
0x0041fb40	64	1	event.cpp
0x0041fb80	32	1	event.cpp
0x0041fba0	64	1	event.cpp
0x0041fbe0	48	1	event.cpp
0x0041fc10	48	1	event.cpp
0x0041fc40	64	1	event.cpp
0x0041fc80	144	1	event.cpp
0x0041fd10	32	1	event.cpp
0x0041fd30	32	1	event.cpp
0x0041fd50	96	1	event.cpp
0x0041fdb0	192	1	event.cpp
0x0041fe70	48	1	event.cpp
0x0041fea0	32	1	event.cpp
0x0041fec0	96	1	event.cpp
0x0041ff20	32	1	event.cpp
0x0041ff40	32	1	event.cpp
0x0041ff60	112	1	event.cpp
0x0041ffd0	80	1	event.cpp
0x00420020	32	1	event.cpp
0x00420040	32	1	event.cpp
0x00420060	144	1	event.cpp
0x004200f0	176	1	event.cpp
0x004201a0	192	1	event.cpp
0x00420260	160	1	event.cpp
0x00420300	160	1	event.cpp
0x004203a0	112	14	event.cpp
0x00420410	4096	3	event.cpp
0x00421410	32	4	event.cpp
0x00421430	352	9	event.cpp
0x00421590	448	2	event.cpp
0x00421750	176	6	event.cpp
0x00421800	144	1	event.cpp
0x00421890	944	1	event.cpp
0x00421c40	48	2	event.cpp
0x00421c70	1888	3	event.cpp
0x004223d0	128	2	event.cpp
0x00422450	32	1	event.cpp
0x00422470	368	1	event.cpp
0x004225e0	368	1	event.cpp
0x00422750	48	1	event.cpp..gameproc.cpp
0x00422780	160	1	event.cpp..gameproc.cpp
0x00422820	48	1	event.cpp..gameproc.cpp
0x00422850	16	2	event.cpp..gameproc.cpp
0x00422860	816	23	event.cpp..gameproc.cpp
0x00422b90	496	1	event.cpp..gameproc.cpp
0x00422d80	48	4	event.cpp..gameproc.cpp
0x00422db0	48	1	event.cpp..gameproc.cpp
0x00422de0	384	82	event.cpp..gameproc.cpp
0x00422f60	144	1	event.cpp..gameproc.cpp
0x00422ff0	256	4	event.cpp..gameproc.cpp
0x004230f0	176	1	event.cpp..gameproc.cpp
0x004231a0	96	1	event.cpp..gameproc.cpp
0x00423200	192	1	event.cpp..gameproc.cpp
0x004232c0	64	2	event.cpp..gameproc.cpp
0x00423300	720	1	event.cpp..gameproc.cpp
0x004235d0	80	15	event.cpp..gameproc.cpp
0x00423620	96	2	event.cpp..gameproc.cpp
0x00423680	32	46	event.cpp..gameproc.cpp
0x004236a0	672	1	event.cpp..gameproc.cpp
0x00423940	48	3	event.cpp..gameproc.cpp
0x00423970	64	4	event.cpp..gameproc.cpp
0x004239b0	672	3	event.cpp..gameproc.cpp
0x00423c50	208	1	event.cpp..gameproc.cpp
0x00423d20	48	1	event.cpp..gameproc.cpp
0x00423d50	64	3	event.cpp..gameproc.cpp
0x00423d90	336	1	event.cpp..gameproc.cpp
0x00423ee0	256	1	event.cpp..gameproc.cpp
0x00423fe0	672	2	event.cpp..gameproc.cpp
0x00424280	304	1	event.cpp..gameproc.cpp
0x004243b0	480	1	event.cpp..gameproc.cpp
0x00424590	784	1	event.cpp..gameproc.cpp
0x004248a0	96	1	event.cpp..gameproc.cpp
0x00424900	192	4	event.cpp..gameproc.cpp
0x004249c0	272	1	event.cpp..gameproc.cpp
0x00424ad0	80	29	event.cpp..gameproc.cpp
0x00424b20	208	1	event.cpp..gameproc.cpp
0x00424bf0	176	3	event.cpp..gameproc.cpp
0x00424ca0	480	1	event.cpp..gameproc.cpp
0x00424e80	352	1	event.cpp..gameproc.cpp
0x00424fe0	32	1	event.cpp..gameproc.cpp
0x00425000	96	9	event.cpp..gameproc.cpp
0x00425060	672	1	event.cpp..gameproc.cpp
0x00425300	1168	1	event.cpp..gameproc.cpp
0x00425790	448	3	event.cpp..gameproc.cpp
0x00425950	192	1	event.cpp..gameproc.cpp
0x00425a10	224	1	gameproc.cpp
0x00425af0	288	9	gameproc.cpp..item.cpp
0x00425c10	192	1	gameproc.cpp..item.cpp
0x00425cd0	208	1	gameproc.cpp..item.cpp
0x00425da0	208	1	gameproc.cpp..item.cpp
0x00425e70	112	1	gameproc.cpp..item.cpp
0x00425ee0	480	2	gameproc.cpp..item.cpp
0x004260c0	544	1	gameproc.cpp..item.cpp
0x004262e0	288	1	gameproc.cpp..item.cpp
0x00426400	368	1	gameproc.cpp..item.cpp
0x00426570	128	1	gameproc.cpp..item.cpp
0x004265f0	192	1	gameproc.cpp..item.cpp
0x004266b0	64	1	gameproc.cpp..item.cpp
0x004266f0	112	1	gameproc.cpp..item.cpp
0x00426760	48	1	gameproc.cpp..item.cpp
0x00426790	48	1	gameproc.cpp..item.cpp
0x004267c0	64	10	gameproc.cpp..item.cpp
0x00426800	64	19	gameproc.cpp..item.cpp
0x00426840	16	13	gameproc.cpp..item.cpp
0x00426850	48	1	gameproc.cpp..item.cpp
0x00426880	304	2	gameproc.cpp..item.cpp
0x004269b0	224	1	gameproc.cpp..item.cpp
0x00426a90	192	3	gameproc.cpp..item.cpp
0x00426b50	256	6	gameproc.cpp..item.cpp
0x00426c50	128	1	gameproc.cpp..item.cpp
0x00426cd0	96	15	gameproc.cpp..item.cpp
0x00426d30	368	1	gameproc.cpp..item.cpp
0x00426ea0	128	1	gameproc.cpp..item.cpp
0x00426f20	32	2	gameproc.cpp..item.cpp
0x00426f40	304	8	gameproc.cpp..item.cpp
0x00427070	944	1	gameproc.cpp..item.cpp
0x00427420	16	2	gameproc.cpp..item.cpp
0x00427430	32	5	gameproc.cpp..item.cpp
0x00427450	32	33	gameproc.cpp..item.cpp
0x00427470	48	24	gameproc.cpp..item.cpp
0x004274a0	48	13	gameproc.cpp..item.cpp
0x004274d0	32	4	gameproc.cpp..item.cpp
0x004274f0	64	26	gameproc.cpp..item.cpp
0x00427530	128	19	gameproc.cpp..item.cpp
0x004275b0	160	4	gameproc.cpp..item.cpp
0x00427650	48	2	gameproc.cpp..item.cpp
0x00427680	112	2	gameproc.cpp..item.cpp
0x004276f0	176	1	gameproc.cpp..item.cpp
0x004277a0	128	11	gameproc.cpp..item.cpp
0x00427820	48	167	gameproc.cpp..item.cpp
0x00427850	48	9	gameproc.cpp..item.cpp
0x00427880	96	9	gameproc.cpp..item.cpp
0x004278e0	176	4	gameproc.cpp..item.cpp
0x00427990	528	8	gameproc.cpp..item.cpp
0x00427ba0	224	9	gameproc.cpp..item.cpp
0x00427c80	96	4	gameproc.cpp..item.cpp
0x00427ce0	96	15	gameproc.cpp..item.cpp
0x00427d40	208	15	gameproc.cpp..item.cpp
0x00427e10	112	2	gameproc.cpp..item.cpp
0x00427e80	112	3	gameproc.cpp..item.cpp
0x00427ef0	112	3	gameproc.cpp..item.cpp
0x00427f60	112	1	gameproc.cpp..item.cpp
0x00427fd0	160	3	gameproc.cpp..item.cpp
0x00428070	208	3	gameproc.cpp..item.cpp
0x00428140	560	19	gameproc.cpp..item.cpp
0x00428370	224	8	gameproc.cpp..item.cpp
0x00428450	128	1	gameproc.cpp..item.cpp
0x004284d0	192	1	gameproc.cpp..item.cpp
0x00428590	96	1	gameproc.cpp..item.cpp
0x004285f0	272	2	gameproc.cpp..item.cpp
0x00428700	48	1	gameproc.cpp..item.cpp
0x00428730	48	1	gameproc.cpp..item.cpp
0x00428760	128	2	gameproc.cpp..item.cpp
0x004287e0	144	1	gameproc.cpp..item.cpp
0x00428870	224	3	gameproc.cpp..item.cpp
0x00428950	96	1	gameproc.cpp..item.cpp
0x004289b0	48	1	gameproc.cpp..item.cpp
0x004289e0	464	2	gameproc.cpp..item.cpp
0x00428bb0	144	1	gameproc.cpp..item.cpp
0x00428c40	96	1	item.cpp..map.cpp
0x00428ca0	256	7	item.cpp..map.cpp
0x00428da0	96	22	item.cpp..map.cpp
0x00428e00	64	7	item.cpp..map.cpp
0x00428e40	320	6	item.cpp..map.cpp
0x00428f80	192	2	item.cpp..map.cpp
0x00429040	480	6	item.cpp..map.cpp
0x00429220	256	1	item.cpp..map.cpp
0x00429320	256	5	item.cpp..map.cpp
0x00429420	48	1	item.cpp..map.cpp
0x00429450	112	3	item.cpp..map.cpp
0x004294c0	128	15	item.cpp..map.cpp
0x00429540	32	3	item.cpp..map.cpp
0x00429560	16	3	item.cpp..map.cpp
0x00429570	32	6	item.cpp..map.cpp
0x00429590	48	24	item.cpp..map.cpp
0x004295c0	144	1	item.cpp..map.cpp
0x00429650	144	13	item.cpp..map.cpp
0x004296e0	96	8	item.cpp..map.cpp
0x00429740	512	1	item.cpp..map.cpp
0x00429940	544	8	item.cpp..map.cpp
0x00429b60	288	1	item.cpp..map.cpp
0x00429c80	96	5	item.cpp..map.cpp
0x00429ce0	32	7	item.cpp..map.cpp
0x00429d00	544	3	item.cpp..map.cpp
0x00429f20	32	2	item.cpp..map.cpp
0x00429f40	352	2	item.cpp..map.cpp
0x0042a0a0	112	4	item.cpp..map.cpp
0x0042a110	160	2	item.cpp..map.cpp
0x0042a1b0	144	5	item.cpp..map.cpp
0x0042a240	400	3	item.cpp..map.cpp
0x0042a3d0	384	3	item.cpp..map.cpp
0x0042a550	272	15	item.cpp..map.cpp
0x0042a660	16	6	item.cpp..map.cpp
0x0042a670	16	7	item.cpp..map.cpp
0x0042a680	48	6	item.cpp..map.cpp
0x0042a6b0	48	1	item.cpp..map.cpp
0x0042a6e0	48	13	item.cpp..map.cpp
0x0042a710	64	1	item.cpp..map.cpp
0x0042a750	80	33	item.cpp..map.cpp
0x0042a7a0	16	18	item.cpp..map.cpp
0x0042a7b0	16	100	item.cpp..map.cpp
0x0042a7c0	48	1	item.cpp..map.cpp
0x0042a7f0	32	3	item.cpp..map.cpp
0x0042a810	16	3	item.cpp..map.cpp
0x0042a820	96	5	item.cpp..map.cpp
0x0042a880	176	4	item.cpp..map.cpp
0x0042a930	112	1	item.cpp..map.cpp
0x0042a9a0	112	1	item.cpp..map.cpp
0x0042aa10	64	2	item.cpp..map.cpp
0x0042aa50	144	1	item.cpp..map.cpp
0x0042aae0	112	1	item.cpp..map.cpp
0x0042ab50	400	4	item.cpp..map.cpp
0x0042ace0	192	1	item.cpp..map.cpp
0x0042ada0	176	1	item.cpp..map.cpp
0x0042ae50	96	1	item.cpp..map.cpp
0x0042aeb0	80	1	item.cpp..map.cpp
0x0042af00	48	1	item.cpp..map.cpp
0x0042af30	112	1	item.cpp..map.cpp
0x0042afa0	384	1	item.cpp..map.cpp
0x0042b120	128	1	item.cpp..map.cpp
0x0042b1a0	112	1	item.cpp..map.cpp
0x0042b210	64	5	item.cpp..map.cpp
0x0042b250	64	6	item.cpp..map.cpp
0x0042b290	80	45	item.cpp..map.cpp
0x0042b2e0	128	1	item.cpp..map.cpp
0x0042b360	192	1	item.cpp..map.cpp
0x0042b420	384	1	item.cpp..map.cpp
0x0042b5a0	592	1	item.cpp..map.cpp
0x0042b7f0	112	3	item.cpp..map.cpp
0x0042b860	320	4	item.cpp..map.cpp
0x0042b9a0	720	1	item.cpp..map.cpp
0x0042bc70	64	1	item.cpp..map.cpp
0x0042bcb0	64	1	item.cpp..map.cpp
0x0042bcf0	288	1	item.cpp..map.cpp
0x0042be10	144	1	item.cpp..map.cpp
0x0042bea0	1200	1	item.cpp..map.cpp
0x0042c350	240	1	item.cpp..map.cpp
0x0042c440	3920	1	item.cpp..map.cpp
0x0042d390	64	2	item.cpp..map.cpp
0x0042d3d0	432	2	item.cpp..map.cpp
0x0042d580	336	4	item.cpp..map.cpp
0x0042d6d0	736	1	item.cpp..map.cpp
0x0042d9b0	128	1	item.cpp..map.cpp
0x0042da30	272	1	item.cpp..map.cpp
0x0042db40	48	1	item.cpp..map.cpp
0x0042db70	64	1	item.cpp..map.cpp
0x0042dbb0	128	7	map.cpp..objscript.cpp
0x0042dc30	320	1	map.cpp..objscript.cpp
0x0042dd70	32	17	map.cpp..objscript.cpp
0x0042dd90	48	34	map.cpp..objscript.cpp
0x0042ddc0	32	17	map.cpp..objscript.cpp
0x0042dde0	64	70	map.cpp..objscript.cpp
0x0042de20	48	16	map.cpp..objscript.cpp
0x0042de50	96	8	map.cpp..objscript.cpp
0x0042deb0	112	30	map.cpp..objscript.cpp
0x0042df20	144	8	map.cpp..objscript.cpp
0x0042dfb0	48	32	map.cpp..objscript.cpp
0x0042dfe0	304	5	map.cpp..objscript.cpp
0x0042e110	48	4	map.cpp..objscript.cpp
0x0042e140	48	11	map.cpp..objscript.cpp
0x0042e170	16	2	map.cpp..objscript.cpp
0x0042e180	32	51	map.cpp..objscript.cpp
0x0042e1a0	32	2	map.cpp..objscript.cpp
0x0042e1c0	48	186	map.cpp..objscript.cpp
0x0042e1f0	48	35	map.cpp..objscript.cpp
0x0042e220	240	18	map.cpp..objscript.cpp
0x0042e310	128	1	map.cpp..objscript.cpp
0x0042e390	352	7	map.cpp..objscript.cpp
0x0042e4f0	32	8	map.cpp..objscript.cpp
0x0042e510	112	3	map.cpp..objscript.cpp
0x0042e580	16	1	map.cpp..objscript.cpp
0x0042e590	16	1	map.cpp..objscript.cpp
0x0042e5a0	48	4	map.cpp..objscript.cpp
0x0042e5d0	16	2	map.cpp..objscript.cpp
0x0042e5e0	320	4	map.cpp..objscript.cpp
0x0042e720	80	4	map.cpp..objscript.cpp
0x0042e770	592	4	map.cpp..objscript.cpp
0x0042e9c0	800	1	map.cpp..objscript.cpp
0x0042ece0	352	1	map.cpp..objscript.cpp
0x0042ee40	144	1	map.cpp..objscript.cpp
0x0042eed0	592	1	map.cpp..objscript.cpp
0x0042f120	32	2	map.cpp..objscript.cpp
0x0042f140	48	1	map.cpp..objscript.cpp
0x0042f170	720	6	map.cpp..objscript.cpp
0x0042f440	128	1	map.cpp..objscript.cpp
0x0042f4c0	944	1	map.cpp..objscript.cpp
0x0042f870	16	1	map.cpp..objscript.cpp
0x0042f880	640	1	map.cpp..objscript.cpp
0x0042fb00	1120	1	map.cpp..objscript.cpp
0x0042ff60	448	1	map.cpp..objscript.cpp
0x00430120	32	12	map.cpp..objscript.cpp
0x00430140	144	3	map.cpp..objscript.cpp
0x004301d0	352	4	map.cpp..objscript.cpp
0x00430330	128	7	map.cpp..objscript.cpp
0x004303b0	80	2	map.cpp..objscript.cpp
0x00430400	80	2	map.cpp..objscript.cpp
0x00430450	48	2	map.cpp..objscript.cpp
0x00430480	176	1	map.cpp..objscript.cpp
0x00430530	4512	2	map.cpp..objscript.cpp
0x004316d0	240	1	map.cpp..objscript.cpp
0x004317c0	1136	1	map.cpp..objscript.cpp
0x00431c30	320	6	map.cpp..objscript.cpp
0x00431d70	160	2	map.cpp..objscript.cpp
0x00431e10	1296	1	map.cpp..objscript.cpp
0x00432320	976	1	map.cpp..objscript.cpp
0x004326f0	544	1	map.cpp..objscript.cpp
0x00432910	144	1	map.cpp..objscript.cpp
0x004329a0	192	1	map.cpp..objscript.cpp
0x00432a60	496	1	map.cpp..objscript.cpp
0x00432c50	144	1	map.cpp..objscript.cpp
0x00432ce0	96	1	map.cpp..objscript.cpp
0x00432d40	224	3	map.cpp..objscript.cpp
0x00432e20	528	1	map.cpp..objscript.cpp
0x00433030	608	1	map.cpp..objscript.cpp
0x00433290	192	1	map.cpp..objscript.cpp
0x00433350	304	1	map.cpp..objscript.cpp
0x00433480	128	1	map.cpp..objscript.cpp
0x00433500	32	2	map.cpp..objscript.cpp
0x00433520	80	9	map.cpp..objscript.cpp
0x00433570	128	2	map.cpp..objscript.cpp
0x004335f0	464	2	map.cpp..objscript.cpp
0x004337c0	80	1	map.cpp..objscript.cpp
0x00433810	32	39	map.cpp..objscript.cpp
0x00433830	16	6	map.cpp..objscript.cpp
0x00433840	16	6	map.cpp..objscript.cpp
0x00433850	16	1	map.cpp..objscript.cpp
0x00433860	32	33	map.cpp..objscript.cpp
0x00433880	256	2	map.cpp..objscript.cpp
0x00433980	672	9	map.cpp..objscript.cpp
0x00433c20	256	3	map.cpp..objscript.cpp
0x00433d20	64	2	map.cpp..objscript.cpp
0x00433d60	352	1	map.cpp..objscript.cpp
0x00433ec0	416	1	map.cpp..objscript.cpp
0x00434060	160	8	map.cpp..objscript.cpp
0x00434100	80	1	map.cpp..objscript.cpp
0x00434150	320	8	map.cpp..objscript.cpp
0x00434290	80	2	map.cpp..objscript.cpp
0x004342e0	448	10	map.cpp..objscript.cpp
0x004344a0	256	7	map.cpp..objscript.cpp
0x004345a0	320	7	map.cpp..objscript.cpp
0x004346e0	32	16	map.cpp..objscript.cpp
0x00434700	1120	1	map.cpp..objscript.cpp
0x00434b60	224	2	map.cpp..objscript.cpp
0x00434c40	64	1	map.cpp..objscript.cpp
0x00434c80	16	1	map.cpp..objscript.cpp
0x00434c90	272	2	map.cpp..objscript.cpp
0x00434da0	192	6	map.cpp..objscript.cpp
0x00434e60	48	3	map.cpp..objscript.cpp
0x00434e90	48	13	map.cpp..objscript.cpp
0x00434ec0	96	6	map.cpp..objscript.cpp
0x00434f20	672	3	map.cpp..objscript.cpp
0x004351c0	192	9	map.cpp..objscript.cpp
0x00435280	272	2	map.cpp..objscript.cpp
0x00435390	176	3	map.cpp..objscript.cpp
0x00435440	176	1	map.cpp..objscript.cpp
0x004354f0	16	1	map.cpp..objscript.cpp
0x00435500	80	1	map.cpp..objscript.cpp
0x00435550	128	5	map.cpp..objscript.cpp
0x004355d0	32	1	map.cpp..objscript.cpp
0x004355f0	80	1	map.cpp..objscript.cpp
0x00435640	16	6	map.cpp..objscript.cpp
0x00435650	112	1	map.cpp..objscript.cpp
0x004356c0	704	3	map.cpp..objscript.cpp
0x00435980	208	1	map.cpp..objscript.cpp
0x00435a50	48	1	map.cpp..objscript.cpp
0x00435a80	64	1	map.cpp..objscript.cpp
0x00435ac0	160	7	map.cpp..objscript.cpp
0x00435b60	768	3	map.cpp..objscript.cpp
0x00435e60	80	2	map.cpp..objscript.cpp
0x00435eb0	48	1	map.cpp..objscript.cpp
0x00435ee0	192	1	map.cpp..objscript.cpp
0x00435fa0	48	2	map.cpp..objscript.cpp
0x00435fd0	176	1	map.cpp..objscript.cpp
0x00436080	512	5	map.cpp..objscript.cpp
0x00436280	544	1	map.cpp..objscript.cpp
0x004364a0	1072	1	map.cpp..objscript.cpp
0x004368d0	272	3	objscript.cpp..pad.cpp
0x004369e0	576	1	objscript.cpp..pad.cpp
0x00436c20	320	1	objscript.cpp..pad.cpp
0x00436d60	688	2	objscript.cpp..pad.cpp
0x00437010	96	1	objscript.cpp..pad.cpp
0x00437070	96	1	objscript.cpp..pad.cpp
0x004370d0	96	1	objscript.cpp..pad.cpp
0x00437130	112	1	objscript.cpp..pad.cpp
0x004371a0	256	2	objscript.cpp..pad.cpp
0x004372a0	288	1	objscript.cpp..pad.cpp
0x004373c0	48	2	objscript.cpp..pad.cpp
0x004373f0	16	1	objscript.cpp..pad.cpp
0x00437400	240	4	objscript.cpp..pad.cpp
0x004374f0	176	1	objscript.cpp..pad.cpp
0x004375a0	288	3	objscript.cpp..pad.cpp
0x004376c0	176	2	objscript.cpp..pad.cpp
0x00437770	240	2	objscript.cpp..pad.cpp
0x00437860	496	1	objscript.cpp..pad.cpp
0x00437a50	64	1	objscript.cpp..pad.cpp
0x00437a90	80	1	objscript.cpp..pad.cpp
0x00437ae0	128	1	objscript.cpp..pad.cpp
0x00437b60	672	1	pad.cpp..script.cpp
0x00437e00	112	4	pad.cpp..script.cpp
0x00437e70	1168	1	pad.cpp..script.cpp
0x00438300	416	4	pad.cpp..script.cpp
0x004384a0	128	3	pad.cpp..script.cpp
0x00438520	128	2	pad.cpp..script.cpp
0x004385a0	1072	1	pad.cpp..script.cpp
0x004389d0	1056	2	pad.cpp..script.cpp
0x00438df0	288	2	pad.cpp..script.cpp
0x00438f10	112	1	pad.cpp..script.cpp
0x00438f80	128	2	pad.cpp..script.cpp
0x00439000	800	4	pad.cpp..script.cpp
0x00439320	656	6	pad.cpp..script.cpp
0x004395b0	1808	1	pad.cpp..script.cpp
0x00439cc0	160	1	pad.cpp..script.cpp
0x00439d60	304	3	pad.cpp..script.cpp
0x00439e90	176	4	pad.cpp..script.cpp
0x00439f40	352	5	pad.cpp..script.cpp
0x0043a0a0	368	6	pad.cpp..script.cpp
0x0043a210	288	4	pad.cpp..script.cpp
0x0043a330	288	1	pad.cpp..script.cpp
0x0043a450	160	2	pad.cpp..script.cpp
0x0043a4f0	112	1	pad.cpp..script.cpp
0x0043a560	128	1	pad.cpp..script.cpp
0x0043a5e0	16	3	pad.cpp..script.cpp
0x0043a5f0	160	1	pad.cpp..script.cpp
0x0043a690	64	3	pad.cpp..script.cpp
0x0043a6d0	320	6	pad.cpp..script.cpp
0x0043a810	672	2	pad.cpp..script.cpp
0x0043aab0	576	2	pad.cpp..script.cpp
0x0043acf0	944	2	pad.cpp..script.cpp
0x0043b0a0	192	1	pad.cpp..script.cpp
0x0043b160	624	1	pad.cpp..script.cpp
0x0043b3d0	64	1	pad.cpp..script.cpp
0x0043b410	752	1	pad.cpp..script.cpp
0x0043b700	192	1	pad.cpp..script.cpp
0x0043b7c0	64	1	pad.cpp..script.cpp
0x0043b800	112	1	pad.cpp..script.cpp
0x0043b870	320	1	pad.cpp..script.cpp
0x0043b9b0	512	9	pad.cpp..script.cpp
0x0043bbb0	48	4	pad.cpp..script.cpp
0x0043bbe0	240	1	pad.cpp..script.cpp
0x0043bcd0	816	1	pad.cpp..script.cpp
0x0043c000	272	1	pad.cpp..script.cpp
0x0043c110	1504	1	pad.cpp..script.cpp
0x0043c6f0	48	1	pad.cpp..script.cpp
0x0043c720	432	2	pad.cpp..script.cpp
0x0043c8d0	304	6	pad.cpp..script.cpp
0x0043ca00	304	3	pad.cpp..script.cpp
0x0043cb30	48	1	pad.cpp..script.cpp
0x0043cb60	400	1	pad.cpp..script.cpp
0x0043ccf0	64	1	pad.cpp..script.cpp
0x0043cd30	16	2	pad.cpp..script.cpp
0x0043cd40	144	2	pad.cpp..script.cpp
0x0043cdd0	352	2	pad.cpp..script.cpp
0x0043cf30	64	1	pad.cpp..script.cpp
0x0043cf70	224	1	pad.cpp..script.cpp
0x0043d050	160	4	pad.cpp..script.cpp
0x0043d0f0	400	4	pad.cpp..script.cpp
0x0043d280	176	1	pad.cpp..script.cpp
0x0043d330	288	1	pad.cpp..script.cpp
0x0043d450	256	3	pad.cpp..script.cpp
0x0043d550	96	1	pad.cpp..script.cpp
0x0043d5b0	416	1	pad.cpp..script.cpp
0x0043d750	560	4	pad.cpp..script.cpp
0x0043d980	288	1	pad.cpp..script.cpp
0x0043daa0	368	1	pad.cpp..script.cpp
0x0043dc10	288	1	pad.cpp..script.cpp
0x0043dd30	112	1	pad.cpp..script.cpp
0x0043dda0	960	1	pad.cpp..script.cpp
0x0043e160	144	1	pad.cpp..script.cpp
0x0043e1f0	64	10	pad.cpp..script.cpp
0x0043e230	1664	6	pad.cpp..script.cpp
0x0043e8b0	80	3	pad.cpp..script.cpp
0x0043e900	160	5	pad.cpp..script.cpp
0x0043e9a0	144	1	pad.cpp..script.cpp
0x0043ea30	592	1	pad.cpp..script.cpp
0x0043ec80	64	2	pad.cpp..script.cpp
0x0043ecc0	64	3	pad.cpp..script.cpp
0x0043ed00	64	1	pad.cpp..script.cpp
0x0043ed40	16	2	pad.cpp..script.cpp
0x0043ed50	304	10	pad.cpp..script.cpp
0x0043ee80	32	5	pad.cpp..script.cpp
0x0043eea0	64	2	pad.cpp..script.cpp
0x0043eee0	96	2	pad.cpp..script.cpp
0x0043ef40	48	1	pad.cpp..script.cpp
0x0043ef70	144	1	pad.cpp..script.cpp
0x0043f000	48	1	pad.cpp..script.cpp
0x0043f030	112	3	pad.cpp..script.cpp
0x0043f0a0	176	1	pad.cpp..script.cpp
0x0043f150	416	1	pad.cpp..script.cpp
0x0043f2f0	80	6	script.cpp..unit.cpp
0x0043f340	48	1	script.cpp..unit.cpp
0x0043f370	224	4	script.cpp..unit.cpp
0x0043f450	544	2	script.cpp..unit.cpp
0x0043f670	96	28	script.cpp..unit.cpp
0x0043f6d0	208	1	script.cpp..unit.cpp
0x0043f7a0	368	26	script.cpp..unit.cpp
0x0043f910	224	1	script.cpp..unit.cpp
0x0043f9f0	192	11	script.cpp..unit.cpp
0x0043fab0	576	10	script.cpp..unit.cpp
0x0043fcf0	528	2	script.cpp..unit.cpp
0x0043ff00	144	1	script.cpp..unit.cpp
0x0043ff90	1648	5	script.cpp..unit.cpp
0x00440600	256	2	script.cpp..unit.cpp
0x00440700	560	40	script.cpp..unit.cpp
0x00440930	192	14	script.cpp..unit.cpp
0x004409f0	896	9	script.cpp..unit.cpp
0x00440d70	8608	4	script.cpp..unit.cpp
0x00442f10	112	1	script.cpp..unit.cpp
0x00442f80	144	1	script.cpp..unit.cpp
0x00443010	736	2	script.cpp..unit.cpp
0x004432f0	2896	1	script.cpp..unit.cpp
0x00443e40	80	17	script.cpp..unit.cpp
0x00443e90	64	4	script.cpp..unit.cpp
0x00443ed0	64	3	script.cpp..unit.cpp
0x00443f10	96	1	script.cpp..unit.cpp
0x00443f70	368	1	script.cpp..unit.cpp
0x004440e0	2080	1	script.cpp..unit.cpp
0x00444900	400	1	script.cpp..unit.cpp
0x00444a90	240	35	script.cpp..unit.cpp
0x00444b80	192	6	script.cpp..unit.cpp
0x00444c40	144	3	script.cpp..unit.cpp
0x00444cd0	544	4	script.cpp..unit.cpp
0x00444ef0	208	2	script.cpp..unit.cpp
0x00444fc0	352	1	script.cpp..unit.cpp
0x00445120	80	2	script.cpp..unit.cpp
0x00445170	128	1	script.cpp..unit.cpp
0x004451f0	144	1	script.cpp..unit.cpp
0x00445280	160	1	script.cpp..unit.cpp
0x00445320	160	2	script.cpp..unit.cpp
0x004453c0	320	1	script.cpp..unit.cpp
0x00445500	256	1	script.cpp..unit.cpp
0x00445600	32	2	script.cpp..unit.cpp
0x00445620	16	1	script.cpp..unit.cpp
0x00445630	32	2	script.cpp..unit.cpp
0x00445650	32	2	script.cpp..unit.cpp
0x00445670	32	1	script.cpp..unit.cpp
0x00445690	32	1	script.cpp..unit.cpp
0x004456b0	304	4	script.cpp..unit.cpp
0x004457e0	432	2	script.cpp..unit.cpp
0x00445990	80	2	script.cpp..unit.cpp
0x004459e0	240	2	script.cpp..unit.cpp
0x00445ad0	48	15	script.cpp..unit.cpp
0x00445b00	256	37	script.cpp..unit.cpp
0x00445c00	240	1	script.cpp..unit.cpp
0x00445cf0	144	14	script.cpp..unit.cpp
0x00445d80	192	53	script.cpp..unit.cpp
0x00445e40	112	1	script.cpp..unit.cpp
0x00445eb0	144	1	script.cpp..unit.cpp
0x00445f40	160	3	script.cpp..unit.cpp
0x00445fe0	16	1	script.cpp..unit.cpp
0x00445ff0	128	24	script.cpp..unit.cpp
0x00446070	544	14	script.cpp..unit.cpp
0x00446290	96	2	script.cpp..unit.cpp
0x004462f0	288	9	script.cpp..unit.cpp
0x00446410	64	14	script.cpp..unit.cpp
0x00446450	112	1	script.cpp..unit.cpp
0x004464c0	288	1	script.cpp..unit.cpp
0x004465e0	256	1	script.cpp..unit.cpp
0x004466e0	336	1	script.cpp..unit.cpp
0x00446830	16	4	script.cpp..unit.cpp
0x00446840	64	2	script.cpp..unit.cpp
0x00446880	32	2	script.cpp..unit.cpp
0x004468a0	144	9	script.cpp..unit.cpp
0x00446930	384	34	script.cpp..unit.cpp
0x00446ab0	416	11	script.cpp..unit.cpp
0x00446c50	432	4	script.cpp..unit.cpp
0x00446e00	112	3	script.cpp..unit.cpp
0x00446e70	224	6	script.cpp..unit.cpp
0x00446f50	384	1	script.cpp..unit.cpp
0x004470d0	96	2	script.cpp..unit.cpp
0x00447130	160	1	script.cpp..unit.cpp
0x004471d0	928	1	script.cpp..unit.cpp
0x00447570	80	1	script.cpp..unit.cpp
0x004475c0	96	2	script.cpp..unit.cpp
0x00447620	672	10	script.cpp..unit.cpp
0x004478c0	144	1	script.cpp..unit.cpp
0x00447950	64	1	script.cpp..unit.cpp
0x00447990	176	5	script.cpp..unit.cpp
0x00447a40	1040	1	script.cpp..unit.cpp
0x00447e50	144	1	script.cpp..unit.cpp
0x00447ee0	512	2	script.cpp..unit.cpp
0x004480e0	144	3	script.cpp..unit.cpp
0x00448170	176	5	script.cpp..unit.cpp
0x00448220	96	2	script.cpp..unit.cpp
0x00448280	256	8	script.cpp..unit.cpp
0x00448380	448	2	script.cpp..unit.cpp
0x00448540	832	1	script.cpp..unit.cpp
0x00448880	64	2	script.cpp..unit.cpp
0x004488c0	608	1	script.cpp..unit.cpp
0x00448b20	576	1	script.cpp..unit.cpp
0x00448d60	256	6	script.cpp..unit.cpp
0x00448e60	160	3	script.cpp..unit.cpp
0x00448f00	176	3	script.cpp..unit.cpp
0x00448fb0	592	3	script.cpp..unit.cpp
0x00449200	80	1	script.cpp..unit.cpp
0x00449250	528	1	script.cpp..unit.cpp
0x00449460	64	1	script.cpp..unit.cpp
0x004494a0	208	3	script.cpp..unit.cpp
0x00449570	240	10	script.cpp..unit.cpp
0x00449660	256	16	script.cpp..unit.cpp
0x00449760	256	1	script.cpp..unit.cpp
0x00449860	144	8	script.cpp..unit.cpp
0x004498f0	176	1	script.cpp..unit.cpp
0x004499a0	272	1	script.cpp..unit.cpp
0x00449ab0	1088	1	script.cpp..unit.cpp
0x00449ef0	80	1	script.cpp..unit.cpp
0x00449f40	144	3	script.cpp..unit.cpp
0x00449fd0	976	2	script.cpp..unit.cpp
0x0044a3a0	32	2	script.cpp..unit.cpp
0x0044a3c0	96	1	script.cpp..unit.cpp
0x0044a420	2336	1	script.cpp..unit.cpp
0x0044ad40	624	1	script.cpp..unit.cpp
0x0044afb0	2080	4	script.cpp..unit.cpp
0x0044b7d0	656	1	script.cpp..unit.cpp
0x0044ba60	16	14	script.cpp..unit.cpp
0x0044ba70	128	1	script.cpp..unit.cpp
0x0044baf0	64	1	script.cpp..unit.cpp
0x0044bb30	112	7	script.cpp..unit.cpp
0x0044bba0	48	4	script.cpp..unit.cpp
0x0044bbd0	32	2	script.cpp..unit.cpp
0x0044bbf0	32	1	script.cpp..unit.cpp
0x0044bc10	656	1	script.cpp..unit.cpp
0x0044bea0	256	1	script.cpp..unit.cpp
0x0044bfa0	336	2	script.cpp..unit.cpp
0x0044c0f0	96	5	script.cpp..unit.cpp
0x0044c150	256	3	script.cpp..unit.cpp
0x0044c250	288	1	script.cpp..unit.cpp
0x0044c370	112	10	script.cpp..unit.cpp
0x0044c3e0	160	1	script.cpp..unit.cpp
0x0044c480	208	1	script.cpp..unit.cpp
0x0044c550	64	1	script.cpp..unit.cpp
0x0044c590	240	1	script.cpp..unit.cpp
0x0044c680	736	1	script.cpp..unit.cpp
0x0044c960	96	1	script.cpp..unit.cpp
0x0044c9c0	352	1	script.cpp..unit.cpp
0x0044cb20	368	1	script.cpp..unit.cpp
0x0044cc90	48	1	script.cpp..unit.cpp
0x0044ccc0	128	1	script.cpp..unit.cpp
0x0044cd40	48	1	script.cpp..unit.cpp
0x0044cd70	512	1	script.cpp..unit.cpp
0x0044cf70	48	2	script.cpp..unit.cpp
0x0044cfa0	368	4	script.cpp..unit.cpp
0x0044d110	1472	1	script.cpp..unit.cpp
0x0044d6d0	96	7	script.cpp..unit.cpp
0x0044d730	1120	1	script.cpp..unit.cpp
0x0044db90	32	1	script.cpp..unit.cpp
0x0044dbb0	736	1	script.cpp..unit.cpp
0x0044de90	144	1	script.cpp..unit.cpp
0x0044df20	128	1	script.cpp..unit.cpp
0x0044dfa0	1392	1	script.cpp..unit.cpp
0x0044e510	400	1	script.cpp..unit.cpp
0x0044e6a0	144	1	script.cpp..unit.cpp
0x0044e730	832	1	script.cpp..unit.cpp
0x0044ea70	96	1	script.cpp..unit.cpp
0x0044ead0	128	1	script.cpp..unit.cpp
0x0044eb50	720	1	script.cpp..unit.cpp
0x0044ee20	48	1	script.cpp..unit.cpp
0x0044ee50	128	1	script.cpp..unit.cpp
0x0044eed0	720	1	script.cpp..unit.cpp
0x0044f1a0	128	1	script.cpp..unit.cpp
0x0044f220	336	1	script.cpp..unit.cpp
0x0044f370	1248	2	script.cpp..unit.cpp
0x0044f850	16	1	script.cpp..unit.cpp
0x0044f860	384	1	script.cpp..unit.cpp
0x0044f9e0	208	2	script.cpp..unit.cpp
0x0044fab0	640	1	script.cpp..unit.cpp
0x0044fd30	160	1	script.cpp..unit.cpp
0x0044fdd0	128	1	script.cpp..unit.cpp
0x0044fe50	800	2	script.cpp..unit.cpp
0x00450170	16	1	script.cpp..unit.cpp
0x00450180	208	1	script.cpp..unit.cpp
0x00450250	208	3	script.cpp..unit.cpp
0x00450320	688	1	script.cpp..unit.cpp
0x004505d0	208	1	script.cpp..unit.cpp
0x004506a0	144	1	script.cpp..unit.cpp
0x00450730	720	1	script.cpp..unit.cpp
0x00450a00	16	1	script.cpp..unit.cpp
0x00450a10	352	1	script.cpp..unit.cpp
0x00450b70	128	1	script.cpp..unit.cpp
0x00450bf0	32	2	script.cpp..unit.cpp
0x00450c10	64	1	script.cpp..unit.cpp
0x00450c50	144	1	script.cpp..unit.cpp
0x00450ce0	304	1	script.cpp..unit.cpp
0x00450e10	736	1	script.cpp..unit.cpp
0x004510f0	16	1	script.cpp..unit.cpp
0x00451100	272	1	script.cpp..unit.cpp
0x00451210	496	2	script.cpp..unit.cpp
0x00451400	1280	1	script.cpp..unit.cpp
0x00451900	16	1	script.cpp..unit.cpp
0x00451910	480	1	script.cpp..unit.cpp
0x00451af0	784	1	script.cpp..unit.cpp
0x00451e00	16	1	script.cpp..unit.cpp
0x00451e10	720	1	script.cpp..unit.cpp
0x004520e0	1424	2	script.cpp..unit.cpp
0x00452670	16	1	script.cpp..unit.cpp
0x00452680	208	2	script.cpp..unit.cpp
0x00452750	560	1	script.cpp..unit.cpp
0x00452980	16	1	script.cpp..unit.cpp
0x00452990	272	1	script.cpp..unit.cpp
0x00452aa0	928	1	script.cpp..unit.cpp
0x00452e40	272	1	script.cpp..unit.cpp
0x00452f50	816	1	script.cpp..unit.cpp
0x00453280	1456	1	script.cpp..unit.cpp
0x00453830	96	1	script.cpp..unit.cpp
0x00453890	128	1	script.cpp..unit.cpp
0x00453910	32	11	script.cpp..unit.cpp
0x00453930	16	1	script.cpp..unit.cpp
0x00453940	96	5	script.cpp..unit.cpp
0x004539a0	144	1	script.cpp..unit.cpp
0x00453a30	128	16	script.cpp..unit.cpp
0x00453ab0	80	1	script.cpp..unit.cpp
0x00453b00	192	16	script.cpp..unit.cpp
0x00453bc0	48	15	script.cpp..unit.cpp
0x00453bf0	80	33	script.cpp..unit.cpp
0x00453c40	272	11	script.cpp..unit.cpp
0x00453d50	64	160	script.cpp..unit.cpp
0x00453d90	32	2	script.cpp..unit.cpp
0x00453db0	112	2	script.cpp..unit.cpp
0x00453e20	96	1	script.cpp..unit.cpp
0x00453e80	496	21	script.cpp..unit.cpp
0x00454070	128	3	script.cpp..unit.cpp
0x004540f0	240	79	script.cpp..unit.cpp
0x004541e0	272	1	script.cpp..unit.cpp
0x004542f0	848	6	script.cpp..unit.cpp
0x00454640	384	2	script.cpp..unit.cpp
0x004547c0	448	1	script.cpp..unit.cpp
0x00454980	176	18	script.cpp..unit.cpp
0x00454a30	96	2	script.cpp..unit.cpp
0x00454a90	48	1	script.cpp..unit.cpp
0x00454ac0	16	1	script.cpp..unit.cpp
0x00454ad0	48	3	script.cpp..unit.cpp
0x00454b00	144	24	script.cpp..unit.cpp
0x00454b90	16	4	script.cpp..unit.cpp
0x00454ba0	48	1	script.cpp..unit.cpp
0x00454bd0	64	2	script.cpp..unit.cpp
0x00454c10	176	8	script.cpp..unit.cpp
0x00454cc0	432	1	script.cpp..unit.cpp
0x00454e70	128	2	script.cpp..unit.cpp
0x00454ef0	16	1	script.cpp..unit.cpp
0x00454f00	144	1	script.cpp..unit.cpp
0x00454f90	256	11	script.cpp..unit.cpp
0x00455090	2272	1	script.cpp..unit.cpp
0x00455970	512	9	script.cpp..unit.cpp
0x00455b70	48	1	script.cpp..unit.cpp
0x00455ba0	112	1	script.cpp..unit.cpp
0x00455c10	336	6	script.cpp..unit.cpp
0x00455d60	176	1	script.cpp..unit.cpp
0x00455e10	480	3	script.cpp..unit.cpp
0x00455ff0	496	3	script.cpp..unit.cpp
0x004561e0	288	1	script.cpp..unit.cpp
0x00456300	1008	2	script.cpp..unit.cpp
0x004566f0	672	6	script.cpp..unit.cpp
0x00456990	560	1	script.cpp..unit.cpp
0x00456bc0	224	14	script.cpp..unit.cpp
0x00456ca0	288	1	script.cpp..unit.cpp
0x00456dc0	96	9	script.cpp..unit.cpp
0x00456e20	128	1	script.cpp..unit.cpp
0x00456ea0	464	3	script.cpp..unit.cpp
0x00457070	432	1	script.cpp..unit.cpp
0x00457220	128	3	script.cpp..unit.cpp
0x004572a0	128	2	script.cpp..unit.cpp
0x00457320	256	1	script.cpp..unit.cpp
0x00457420	48	40	>=unit.cpp
0x00457450	32	19	>=unit.cpp
0x00457470	32	47	>=unit.cpp
0x00457490	32	28	>=unit.cpp
0x004574b0	32	3	>=unit.cpp
0x004574d0	336	11	>=unit.cpp
0x00457620	256	6	>=unit.cpp
0x00457720	48	2	>=unit.cpp
0x00457750	112	21	>=unit.cpp
0x004577c0	96	9	>=unit.cpp
0x00457820	128	7	>=unit.cpp
0x004578a0	288	1	>=unit.cpp
0x004579c0	160	2	>=unit.cpp
0x00457a60	208	3	>=unit.cpp
0x00457b30	144	7	>=unit.cpp
0x00457bc0	272	1	>=unit.cpp
0x00457cd0	208	7	>=unit.cpp
0x00457da0	720	1	>=unit.cpp
0x00458070	640	20	>=unit.cpp
0x004582f0	144	9	>=unit.cpp
0x00458380	128	4	>=unit.cpp
0x00458400	1328	1	>=unit.cpp
0x00458930	5760	1	>=unit.cpp
0x00459fb0	48	4	>=unit.cpp
0x00459fe0	144	2	>=unit.cpp
0x0045a070	176	1	>=unit.cpp
0x0045a120	816	1	>=unit.cpp
0x0045a450	464	1	>=unit.cpp
0x0045a620	336	6	>=unit.cpp
0x0045a770	336	7	>=unit.cpp
0x0045a8c0	208	1	>=unit.cpp
0x0045a990	48	2	>=unit.cpp
0x0045a9c0	64	1	>=unit.cpp
0x0045aa00	192	3	>=unit.cpp
0x0045aac0	48	1	>=unit.cpp
0x0045aaf0	416	1	>=unit.cpp
0x0045ac90	320	4	>=unit.cpp
0x0045add0	96	1	>=unit.cpp
0x0045ae30	368	1	>=unit.cpp
0x0045afa0	16	3	>=unit.cpp
0x0045afb0	48	3	>=unit.cpp
0x0045afe0	32	4	>=unit.cpp
0x0045b000	144	3	>=unit.cpp
0x0045b090	992	4	>=unit.cpp
0x0045b470	96	1	>=unit.cpp
0x0045b4d0	352	1	>=unit.cpp
0x0045b630	96	1	>=unit.cpp
0x0045b690	112	2	>=unit.cpp
0x0045b700	224	2	>=unit.cpp
0x0045b7e0	336	3	>=unit.cpp
0x0045b930	192	1	>=unit.cpp
0x0045b9f0	448	1	>=unit.cpp
0x0045bbb0	192	5	>=unit.cpp
0x0045bc70	992	3	>=unit.cpp
0x0045c050	1424	1	>=unit.cpp
0x0045c5e0	256	3	>=unit.cpp
0x0045c6e0	400	4	>=unit.cpp
0x0045c870	96	1	>=unit.cpp
0x0045c8d0	464	2	>=unit.cpp
0x0045caa0	16	617	>=unit.cpp
0x0045cab0	128	1	>=unit.cpp
0x0045cb30	2432	1	>=unit.cpp
0x0045d4b0	432	1	>=unit.cpp
0x0045d660	784	1	>=unit.cpp
0x0045d970	32	8	>=unit.cpp
0x0045d990	32	2	>=unit.cpp
0x0045d9b0	112	5	>=unit.cpp
0x0045da20	128	5	>=unit.cpp
0x0045daa0	1136	1	>=unit.cpp
0x0045df10	448	1	>=unit.cpp
0x0045e0d0	336	2	>=unit.cpp
0x0045e220	224	1	>=unit.cpp
0x0045e300	192	1	>=unit.cpp
0x0045e3c0	192	2	>=unit.cpp
0x0045e480	208	1	>=unit.cpp
0x0045e550	64	1	>=unit.cpp
0x0045e590	160	1	>=unit.cpp
0x0045e630	480	1	>=unit.cpp
0x0045e810	80	1	>=unit.cpp
0x0045e860	288	1	>=unit.cpp
0x0045e980	176	1	>=unit.cpp
0x0045ea30	112	1	>=unit.cpp
0x0045eaa0	112	1	>=unit.cpp
0x0045eb10	48	1	>=unit.cpp
0x0045eb40	176	1	>=unit.cpp
0x0045ebf0	512	2	>=unit.cpp
0x0045edf0	48	2	>=unit.cpp
0x0045ee20	96	1	>=unit.cpp
0x0045ee80	48	62	>=unit.cpp
0x0045eeb0	32	21	>=unit.cpp
0x0045eed0	48	8	>=unit.cpp
0x0045ef00	80	1	>=unit.cpp
0x0045ef50	368	1	>=unit.cpp
0x0045f0c0	464	19	>=unit.cpp
0x0045f290	64	1	>=unit.cpp
0x0045f2d0	48	1	>=unit.cpp
0x0045f300	192	1	>=unit.cpp
0x0045f3c0	128	1	>=unit.cpp
0x0045f440	32	3	>=unit.cpp
0x0045f460	3200	6	>=unit.cpp
0x004600e0	16	1	>=unit.cpp
0x004600f0	48	3	>=unit.cpp
0x00460120	176	1	>=unit.cpp
0x004601d0	48	2	>=unit.cpp
0x00460200	144	1	>=unit.cpp
0x00460290	48	1	>=unit.cpp
0x004602c0	1296	2	>=unit.cpp
0x004607d0	48	2	>=unit.cpp
0x00460800	192	1	>=unit.cpp
0x004608c0	272	2	>=unit.cpp
0x004609d0	144	1	>=unit.cpp
0x00460a60	96	2	>=unit.cpp
0x00460ac0	112	1	>=unit.cpp
0x00460b30	96	1	>=unit.cpp
0x00460b90	272	2	>=unit.cpp
0x00460ca0	144	1	>=unit.cpp
0x00460d30	96	1	>=unit.cpp
0x00460d90	160	2	>=unit.cpp
0x00460e30	144	2	>=unit.cpp
0x00460ec0	272	11	>=unit.cpp
0x00460fd0	160	1	>=unit.cpp
0x00461070	112	6	>=unit.cpp
0x004610e0	64	1	>=unit.cpp
0x00461120	48	1	>=unit.cpp
0x00461150	448	1	>=unit.cpp
0x00461310	64	2	>=unit.cpp
0x00461350	144	1	>=unit.cpp
0x004613e0	240	1	>=unit.cpp
0x004614d0	144	1	>=unit.cpp
0x00461560	256	1	>=unit.cpp
0x00461660	160	2	>=unit.cpp
0x00461700	368	1	>=unit.cpp
0x00461870	192	2	>=unit.cpp
0x00461930	32	1	>=unit.cpp
0x00461950	160	1	>=unit.cpp
0x004619f0	304	4	>=unit.cpp
0x00461b20	128	1	>=unit.cpp
0x00461ba0	144	2	>=unit.cpp
0x00461c30	624	1	>=unit.cpp
0x00461ea0	64	3	>=unit.cpp
0x00461ee0	176	7	>=unit.cpp
0x00461f90	112	2	>=unit.cpp
0x00462000	128	1	>=unit.cpp
0x00462080	160	3	>=unit.cpp
0x00462120	688	1	>=unit.cpp
0x004623d0	208	1	>=unit.cpp
0x004624a0	352	1	>=unit.cpp
0x00462600	1088	3	>=unit.cpp
0x00462a40	32	1	>=unit.cpp
0x00462a60	192	1	>=unit.cpp
0x00462b20	112	1	>=unit.cpp
0x00462b90	80	1	>=unit.cpp
0x00462be0	128	1	>=unit.cpp
0x00462c60	80	1	>=unit.cpp
0x00462cb0	160	1	>=unit.cpp
0x00462d50	112	1	>=unit.cpp
0x00462dc0	144	1	>=unit.cpp
0x00462e50	80	1	>=unit.cpp
0x00462ea0	112	1	>=unit.cpp
0x00462f10	64	1	>=unit.cpp
0x00462f50	160	1	>=unit.cpp
0x00462ff0	528	1	>=unit.cpp
0x00463200	304	1	>=unit.cpp
0x00463330	48	1	>=unit.cpp
0x00463360	48	1	>=unit.cpp
0x00463390	6	1	>=unit.cpp
0x00463396	4218	1	>=unit.cpp
0x00464410	6	1	>=unit.cpp
0x00464416	10	2	>=unit.cpp
0x00464420	54	70	>=unit.cpp
0x00464456	58	1	>=unit.cpp
0x00464490	39	106	>=unit.cpp
0x004644b7	266	55	>=unit.cpp
0x004645c1	232	192	>=unit.cpp
0x004646a9	47	169	>=unit.cpp
0x004646d8	288	44	>=unit.cpp
0x004647f8	18	139	>=unit.cpp
0x0046480a	44	2	>=unit.cpp
0x00464836	54	1	>=unit.cpp
0x0046486c	86	37	>=unit.cpp
0x004648c2	32	1	>=unit.cpp
0x004648e2	19	23	>=unit.cpp
0x004648f5	11	253	>=unit.cpp
0x00464900	14	204	>=unit.cpp
0x0046490e	52	1	>=unit.cpp
0x00464942	7	2	>=unit.cpp
0x00464949	7	1	>=unit.cpp
0x00464950	133	2	>=unit.cpp
0x004649d5	84	1	>=unit.cpp
0x00464a29	37	0	>=unit.cpp
0x00464a4e	180	1	>=unit.cpp
0x00464b02	117	0	>=unit.cpp
0x00464b77	125	2	>=unit.cpp
0x00464bf4	66	1	>=unit.cpp
0x00464c36	104	4	>=unit.cpp
0x00464c9e	35	1	>=unit.cpp
0x00464cc1	9	2	>=unit.cpp
0x00464cca	24	2	>=unit.cpp
0x00464ce2	94	102	>=unit.cpp
0x00464d40	128	19	>=unit.cpp
0x00464dc0	344	4	>=unit.cpp
0x00464f18	140	19	>=unit.cpp
0x00464fa4	109	1	>=unit.cpp
0x00465011	65	2	>=unit.cpp
0x00465052	222	1	>=unit.cpp
0x00465130	48	13	>=unit.cpp
0x00465160	56	4	>=unit.cpp
0x00465198	23	1	>=unit.cpp
0x004651af	520	1	>=unit.cpp
0x004653b7	154	1	>=unit.cpp
0x00465451	203	3	>=unit.cpp
0x0046551c	156	72	>=unit.cpp
0x004655b8	88	3	>=unit.cpp
0x00465610	256	7	>=unit.cpp
0x00465710	821	12	>=unit.cpp
0x00465a45	81	2	>=unit.cpp
0x00465a96	59	4	>=unit.cpp
0x00465ad1	92	4	>=unit.cpp
0x00465b2d	9	1	>=unit.cpp
0x00465b36	109	2	>=unit.cpp
0x00465ba3	202	15	>=unit.cpp
0x00465c6d	197	4	>=unit.cpp
0x00465d32	31	13	>=unit.cpp
0x00465d51	100	6	>=unit.cpp
0x00465db5	19	2	>=unit.cpp
0x00465dc8	209	1	>=unit.cpp
0x00465e99	55	1	>=unit.cpp
0x00465ed0	134	2	>=unit.cpp
0x00465f56	58	5	>=unit.cpp
0x00465f90	140	3	>=unit.cpp
0x0046601c	139	4	>=unit.cpp
0x004660a7	11	9	>=unit.cpp
0x004660b2	340	5	>=unit.cpp
0x00466206	78	1	>=unit.cpp
0x00466254	44	4	>=unit.cpp
0x00466280	140	8	>=unit.cpp
0x0046630c	77	1	>=unit.cpp
0x00466359	87	2	>=unit.cpp
0x004663b0	188	3	>=unit.cpp
0x0046646c	42	2	>=unit.cpp
0x00466496	42	1	>=unit.cpp
0x004664c0	246	0	>=unit.cpp
0x004665b6	37	8	>=unit.cpp
0x004665db	36	1	>=unit.cpp
0x004665ff	18	1	>=unit.cpp
0x00466611	62	0	>=unit.cpp
0x0046664f	233	1	>=unit.cpp
0x00466738	62	0	>=unit.cpp
0x00466776	260	2	>=unit.cpp
0x0046687a	222	2	>=unit.cpp
0x00466958	155	1	>=unit.cpp
0x004669f3	39	1	>=unit.cpp
0x00466a1a	35	1	>=unit.cpp
0x00466a3d	81	0	>=unit.cpp
0x00466a8e	37	4	>=unit.cpp
0x00466ab3	277	4	>=unit.cpp
0x00466bc8	440	5	>=unit.cpp
0x00466d80	821	5	>=unit.cpp
0x004670b5	217	2	>=unit.cpp
0x0046718e	502	3	>=unit.cpp
0x00467384	60	1	>=unit.cpp
0x004673c0	62	1	>=unit.cpp
0x004673fe	43	3	>=unit.cpp
0x00467429	811	3	>=unit.cpp
0x00467754	777	3	>=unit.cpp
0x00467a5d	177	1	>=unit.cpp
0x00467b0e	251	1	>=unit.cpp
0x00467c09	758	1	>=unit.cpp
0x00467eff	27	3	>=unit.cpp
0x00467f1a	179	2	>=unit.cpp
0x00467fcd	43	1	>=unit.cpp
0x00467ff8	368	1	>=unit.cpp
0x00468168	120	1	>=unit.cpp
0x004681e0	155	3	>=unit.cpp
0x0046827b	423	1	>=unit.cpp
0x00468422	168	1	>=unit.cpp
0x004684ca	93	1	>=unit.cpp
0x00468527	158	2	>=unit.cpp
0x004685c5	22	1	>=unit.cpp
0x004685db	123	2	>=unit.cpp
0x00468656	198	1	>=unit.cpp
0x0046871c	70	1	>=unit.cpp
0x00468762	42	1	>=unit.cpp
0x0046878c	452	1	>=unit.cpp
0x00468950	103	2	>=unit.cpp
0x004689b7	41	4	>=unit.cpp
0x004689e0	157	2	>=unit.cpp
0x00468a7d	5	1	>=unit.cpp
0x00468a82	81	8	>=unit.cpp
0x00468ad3	5	1	>=unit.cpp
0x00468ad8	1857	2	>=unit.cpp
0x00469219	53	4	>=unit.cpp
0x0046924e	49	3	>=unit.cpp
0x0046927f	56	3	>=unit.cpp
0x004692b7	13	10	>=unit.cpp
0x004692c4	16	1	>=unit.cpp
0x004692d4	14	1	>=unit.cpp
0x004692e2	45	1	>=unit.cpp
0x0046930f	17	1	>=unit.cpp
0x00469320	17	3	>=unit.cpp
0x00469331	153	2	>=unit.cpp
0x004693ca	26	4	>=unit.cpp
0x004693e4	427	1	>=unit.cpp
0x0046958f	154	13	>=unit.cpp
0x00469629	41	2	>=unit.cpp
0x00469652	194	2	>=unit.cpp
0x00469714	204	1	>=unit.cpp
0x004697e0	120	15	>=unit.cpp
0x00469858	152	2	>=unit.cpp
0x004698f0	123	15	>=unit.cpp
0x0046996b	548	7	>=unit.cpp
0x00469b8f	273	1	>=unit.cpp
0x00469ca0	16	13	>=unit.cpp
0x00469cb0	224	3	>=unit.cpp
0x00469d90	103	10	>=unit.cpp
0x00469df7	189	1	>=unit.cpp
0x00469eb4	321	1	>=unit.cpp
0x00469ff5	67	1	>=unit.cpp
0x0046a038	88	1	>=unit.cpp
0x0046a090	185	1	>=unit.cpp
0x0046a149	153	1	>=unit.cpp
0x0046a1e2	436	2	>=unit.cpp
0x0046a396	530	1	>=unit.cpp
0x0046a5a8	57	2	>=unit.cpp
0x0046a5e1	339	5	>=unit.cpp
0x0046a734	53	1	>=unit.cpp
0x0046a769	22	1	>=unit.cpp
0x0046a77f	146	1	>=unit.cpp
0x0046a811	137	1	>=unit.cpp
0x0046a89a	73	1	>=unit.cpp
0x0046a8e3	86	1	>=unit.cpp
0x0046a939	140	2	>=unit.cpp
0x0046a9c5	27	2	>=unit.cpp
0x0046a9e0	12	3	>=unit.cpp
0x0046a9ec	27	1	>=unit.cpp
0x0046aa07	141	4	>=unit.cpp
0x0046aa94	364	2	>=unit.cpp
0x0046ac00	22	2	>=unit.cpp
0x0046ac16	22	1	>=unit.cpp
0x0046ac2c	45	1	>=unit.cpp
0x0046ac59	45	1	>=unit.cpp
0x0046ac86	119	3	>=unit.cpp
0x0046acfd	100	3	>=unit.cpp
0x0046ad61	191	1	>=unit.cpp
0x0046ae20	97	4	>=unit.cpp
0x0046ae81	68	2	>=unit.cpp
0x0046aec5	38	1	>=unit.cpp
0x0046aeeb	149	1	>=unit.cpp
0x0046af80	119	1	>=unit.cpp
0x0046aff7	122	1	>=unit.cpp
0x0046b071	61	7	>=unit.cpp
0x0046b0ae	797	1	>=unit.cpp
0x0046b3cb	28	5	>=unit.cpp
0x0046b3e7	28	4	>=unit.cpp
0x0046b403	29	2	>=unit.cpp
0x0046b420	155	2	>=unit.cpp
0x0046b4bb	117	2	>=unit.cpp
0x0046b530	112	1	>=unit.cpp
0x0046b5a0	117	1	>=unit.cpp
0x0046b615	21	1	>=unit.cpp
0x0046b62a	606	1	>=unit.cpp
0x0046b888	428	1	>=unit.cpp
0x0046ba34	320	4	>=unit.cpp
0x0046bb74	329	2	>=unit.cpp
0x0046bcbd	1233	3	>=unit.cpp
0x0046c18e	213	2	>=unit.cpp
0x0046c263	409	1	>=unit.cpp
0x0046c3fc	74	1	>=unit.cpp
0x0046c446	51	2	>=unit.cpp
0x0046c479	41	1	>=unit.cpp
0x0046c4a2	389	1	>=unit.cpp
0x0046c627	28	3	>=unit.cpp
0x0046c643	17	1	>=unit.cpp
0x0046c654	49	1	>=unit.cpp
0x0046c685	137	1	>=unit.cpp
0x0046c70e	33	7	>=unit.cpp
0x0046c72f	94	3	>=unit.cpp
0x0046c78d	46	9	>=unit.cpp
0x0046c7bb	45	2	>=unit.cpp
0x0046c7e8	199	1	>=unit.cpp
0x0046c8af	659	1	>=unit.cpp
0x0046cb42	326	1	>=unit.cpp
0x0046cc88	301	1	>=unit.cpp
0x0046cdb5	69	1	>=unit.cpp
0x0046cdfa	125	1	>=unit.cpp
0x0046ce77	544	2	>=unit.cpp
0x0046d097	124	2	>=unit.cpp
0x0046d113	118	2	>=unit.cpp
0x0046d189	63	2	>=unit.cpp
0x0046d1c8	110	2	>=unit.cpp
0x0046d236	637	1	>=unit.cpp
0x0046d4b3	43	3	>=unit.cpp
0x0046d4de	391	1	>=unit.cpp
0x0046d665	88	1	>=unit.cpp
0x0046d6bd	103	1	>=unit.cpp
0x0046d724	115	1	>=unit.cpp
0x0046d797	57	1	>=unit.cpp
0x0046d7d0	6	2	>=unit.cpp
0x0046d7d6	5036	6	>=unit.cpp
