site	func	tu	dll	symbol	how
0x00401020	0x00401000	<=air.cpp	KERNEL32.dll	CreateMutexA	call
0x0040105a	0x00401050	<=air.cpp	KERNEL32.dll	WaitForSingleObject	call
0x004010a0	0x00401050	<=air.cpp	KERNEL32.dll	ReleaseMutex	call
0x004010cb	0x004010c0	<=air.cpp	KERNEL32.dll	WaitForSingleObject	call
0x0040110e	0x004010c0	<=air.cpp	KERNEL32.dll	ReleaseMutex	call
0x00401136	0x004010c0	<=air.cpp	KERNEL32.dll	ReleaseMutex	call
0x0040115b	0x00401150	<=air.cpp	KERNEL32.dll	WaitForSingleObject	call
0x004011b0	0x00401150	<=air.cpp	KERNEL32.dll	ReleaseMutex	call
0x004011f6	0x00401150	<=air.cpp	KERNEL32.dll	ReleaseMutex	call
0x00401255	0x00401240	<=air.cpp	KERNEL32.dll	WaitForSingleObject	call
0x00401277	0x00401240	<=air.cpp	KERNEL32.dll	ReleaseMutex	call
0x00401299	0x00401240	<=air.cpp	KERNEL32.dll	ReleaseMutex	call
0x004012ae	0x00401240	<=air.cpp	KERNEL32.dll	ReleaseMutex	call
0x004012cb	0x004012c0	<=air.cpp	KERNEL32.dll	WaitForSingleObject	call
0x00401311	0x004012c0	<=air.cpp	KERNEL32.dll	ReleaseMutex	call
0x0040133e	0x00401330	<=air.cpp	KERNEL32.dll	WaitForSingleObject	call
0x00401396	0x00401330	<=air.cpp	KERNEL32.dll	ReleaseMutex	call
0x004013bb	0x004013b0	<=air.cpp	KERNEL32.dll	WaitForSingleObject	call
0x00401404	0x004013b0	<=air.cpp	KERNEL32.dll	ReleaseMutex	call
0x0040141a	0x00401410	<=air.cpp	KERNEL32.dll	WaitForSingleObject	call
0x004014b7	0x00401410	<=air.cpp	KERNEL32.dll	ReleaseMutex	call
0x0040155a	0x004014c0	<=air.cpp	KERNEL32.dll	GetTickCount	call
0x00401a1d	0x004014c0	<=air.cpp	KERNEL32.dll	GetTickCount	call
0x00401a26	0x004014c0	<=air.cpp	KERNEL32.dll	GetTickCount	call
0x00401a84	0x004014c0	<=air.cpp	KERNEL32.dll	GetTickCount	call
0x00401f04	0x004014c0	<=air.cpp	USER32.dll	PostMessageA	load
0x00401f0b	0x004014c0	<=air.cpp	KERNEL32.dll	WaitForMultipleObjects	load
0x00402087	0x004014c0	<=air.cpp	KERNEL32.dll	WaitForSingleObject	call
0x004020dd	0x004020a0	<=air.cpp	KERNEL32.dll	SetEvent	call
0x004020e8	0x004020a0	<=air.cpp	KERNEL32.dll	CloseHandle	load
0x004020f7	0x004020a0	<=air.cpp	KERNEL32.dll	GetExitCodeThread	load
0x0040218a	0x00402170	<=air.cpp	KERNEL32.dll	CloseHandle	call
0x00402236	0x004021a0	<=air.cpp	KERNEL32.dll	CreateEventA	load
0x0040228c	0x004021a0	<=air.cpp	KERNEL32.dll	CreateThread	call
0x004022b7	0x004021a0	<=air.cpp	KERNEL32.dll	SetThreadPriority	call
0x0040237b	0x004022d0	<=air.cpp	KERNEL32.dll	GetTickCount	call
0x004023f6	0x004022d0	<=air.cpp	KERNEL32.dll	GetTickCount	call
0x00402515	0x004022d0	<=air.cpp	KERNEL32.dll	GetTickCount	call
0x00402594	0x004022d0	<=air.cpp	KERNEL32.dll	GetTickCount	call
0x00402749	0x00402720	<=air.cpp	USER32.dll	PostMessageA	call
0x004028f6	0x004027f0	<=air.cpp	KERNEL32.dll	GetTickCount	call
0x00402c37	0x00402c30	<=air.cpp	KERNEL32.dll	GetTickCount	call
0x00402f53	0x00402f50	<=air.cpp	KERNEL32.dll	GetTickCount	call
0x004032ac	0x00403280	<=air.cpp	USER32.dll	PostMessageA	call
0x0040a0a9	0x0040a090	air.cpp..audio.cpp	USER32.dll	IntersectRect	call
0x0040a71b	0x0040a6a0	air.cpp..audio.cpp	USER32.dll	IsIconic	call
0x0040a73a	0x0040a6a0	air.cpp..audio.cpp	USER32.dll	GetClientRect	call
0x0040a740	0x0040a6a0	air.cpp..audio.cpp	USER32.dll	ClientToScreen	load
0x0040a761	0x0040a6a0	air.cpp..audio.cpp	USER32.dll	DefWindowProcA	call
0x0040a774	0x0040a6a0	air.cpp..audio.cpp	USER32.dll	GetSystemMetrics	load
0x0040a78d	0x0040a6a0	air.cpp..audio.cpp	USER32.dll	SetRect	call
0x0040a79e	0x0040a6a0	air.cpp..audio.cpp	USER32.dll	DefWindowProcA	call
0x0040a7b8	0x0040a6a0	air.cpp..audio.cpp	USER32.dll	PostQuitMessage	call
0x0040a7c9	0x0040a6a0	air.cpp..audio.cpp	USER32.dll	DefWindowProcA	call
0x0040a830	0x0040a6a0	air.cpp..audio.cpp	USER32.dll	GetUpdateRect	call
0x0040a849	0x0040a6a0	air.cpp..audio.cpp	USER32.dll	RedrawWindow	call
0x0040a85e	0x0040a6a0	air.cpp..audio.cpp	USER32.dll	BeginPaint	call
0x0040a89e	0x0040a6a0	air.cpp..audio.cpp	USER32.dll	EndPaint	call
0x0040a91f	0x0040a6a0	air.cpp..audio.cpp	USER32.dll	SetCursor	call
0x0040a955	0x0040a6a0	air.cpp..audio.cpp	USER32.dll	DefWindowProcA	call
0x0040a99c	0x0040a6a0	air.cpp..audio.cpp	USER32.dll	DefWindowProcA	call
0x0040aa02	0x0040a6a0	air.cpp..audio.cpp	USER32.dll	DefWindowProcA	call
0x0040aa34	0x0040a6a0	air.cpp..audio.cpp	USER32.dll	DefWindowProcA	call
0x0040ad62	0x0040a6a0	air.cpp..audio.cpp	USER32.dll	DefWindowProcA	call
0x0040b086	0x0040b070	air.cpp..audio.cpp	USER32.dll	GetWindowLongA	load
0x0040b0a5	0x0040b070	air.cpp..audio.cpp	USER32.dll	SetWindowLongA	call
0x0040b0c1	0x0040b070	air.cpp..audio.cpp	USER32.dll	SetRect	call
0x0040b0d9	0x0040b070	air.cpp..audio.cpp	USER32.dll	GetMenu	call
0x0040b0f7	0x0040b070	air.cpp..audio.cpp	USER32.dll	AdjustWindowRectEx	call
0x0040b118	0x0040b070	air.cpp..audio.cpp	USER32.dll	SetWindowPos	load
0x0040b149	0x0040b070	air.cpp..audio.cpp	USER32.dll	SystemParametersInfoA	call
0x0040b15a	0x0040b070	air.cpp..audio.cpp	USER32.dll	GetWindowRect	call
0x0040b1a2	0x0040b070	air.cpp..audio.cpp	USER32.dll	GetClientRect	call
0x0040b1ae	0x0040b070	air.cpp..audio.cpp	USER32.dll	ClientToScreen	load
0x0040b20c	0x0040b070	air.cpp..audio.cpp	USER32.dll	SetRect	call
0x0040b26c	0x0040b220	air.cpp..audio.cpp	KERNEL32.dll	ReleaseMutex	call
0x0040b290	0x0040b280	air.cpp..audio.cpp	USER32.dll	TranslateMessage	call
0x0040b297	0x0040b280	air.cpp..audio.cpp	USER32.dll	DispatchMessageA	call
0x0040b2b6	0x0040b2b0	air.cpp..audio.cpp	KERNEL32.dll	LoadLibraryA	call
0x0040b2d8	0x0040b2b0	air.cpp..audio.cpp	KERNEL32.dll	GetProcAddress	load
0x0040b34c	0x0040b2b0	air.cpp..audio.cpp	KERNEL32.dll	FreeLibrary	call
0x0040b55c	0x0040b360	air.cpp..audio.cpp	ole32.dll	CoInitialize	call
0x0040b597	0x0040b360	air.cpp..audio.cpp	USER32.dll	PeekMessageA	load
0x0040b5e4	0x0040b360	air.cpp..audio.cpp	KERNEL32.dll	ReleaseMutex	call
0x0040b60f	0x0040b600	air.cpp..audio.cpp	KERNEL32.dll	OpenMutexA	call
0x0040b62e	0x0040b600	air.cpp..audio.cpp	KERNEL32.dll	CreateMutexA	call
0x0040b667	0x0040b600	air.cpp..audio.cpp	USER32.dll	LoadIconA	call
0x0040b678	0x0040b600	air.cpp..audio.cpp	USER32.dll	LoadCursorA	call
0x0040b69f	0x0040b600	air.cpp..audio.cpp	USER32.dll	RegisterClassA	call
0x0040b6d2	0x0040b600	air.cpp..audio.cpp	USER32.dll	CreateWindowExA	call
0x0040b6f1	0x0040b600	air.cpp..audio.cpp	USER32.dll	UpdateWindow	call
0x0040b6fd	0x0040b600	air.cpp..audio.cpp	USER32.dll	SetFocus	call
0x0040b726	0x0040b600	air.cpp..audio.cpp	USER32.dll	DestroyWindow	call
0x0040b763	0x0040b600	air.cpp..audio.cpp	USER32.dll	DestroyWindow	call
0x0040c153	0x0040c040	audio.cpp..event.cpp	KERNEL32.dll	GetTickCount	load
0x0040ca2d	0x0040ca10	audio.cpp..event.cpp	WINMM.dll	mmioOpenA	call
0x0040ca41	0x0040ca10	audio.cpp..event.cpp	WINMM.dll	mmioDescend	load
0x0040ca9a	0x0040ca10	audio.cpp..event.cpp	WINMM.dll	mmioRead	load
0x0040cae5	0x0040ca10	audio.cpp..event.cpp	KERNEL32.dll	GlobalAlloc	call
0x0040cb49	0x0040ca10	audio.cpp..event.cpp	WINMM.dll	mmioAscend	call
0x0040cb73	0x0040ca10	audio.cpp..event.cpp	KERNEL32.dll	GlobalFree	call
0x0040cb86	0x0040ca10	audio.cpp..event.cpp	WINMM.dll	mmioClose	call
0x0040cbc6	0x0040cbb0	audio.cpp..event.cpp	WINMM.dll	mmioSeek	call
0x0040cbdd	0x0040cbb0	audio.cpp..event.cpp	WINMM.dll	mmioDescend	call
0x0040cc03	0x0040cbf0	audio.cpp..event.cpp	WINMM.dll	mmioGetInfo	call
0x0040cc45	0x0040cbf0	audio.cpp..event.cpp	WINMM.dll	mmioAdvance	call
0x0040cc9a	0x0040cbf0	audio.cpp..event.cpp	WINMM.dll	mmioSetInfo	call
0x0040ccec	0x0040cce0	audio.cpp..event.cpp	KERNEL32.dll	GlobalFree	call
0x0040cd05	0x0040cce0	audio.cpp..event.cpp	WINMM.dll	mmioClose	call
0x0040d026	0x0040ced0	audio.cpp..event.cpp	KERNEL32.dll	InterlockedExchange	load
0x0040d110	0x0040ced0	audio.cpp..event.cpp	USER32.dll	PostMessageA	call
0x0040d31b	0x0040ced0	audio.cpp..event.cpp	USER32.dll	PostMessageA	call
0x0040d5ba	0x0040ced0	audio.cpp..event.cpp	KERNEL32.dll	InterlockedExchange	call
0x0040d5fb	0x0040d5d0	audio.cpp..event.cpp	WINMM.dll	timeKillEvent	call
0x0040d60b	0x0040d5d0	audio.cpp..event.cpp	WINMM.dll	timeEndPeriod	call
0x0040d611	0x0040d5d0	audio.cpp..event.cpp	KERNEL32.dll	InterlockedExchange	load
0x0040d625	0x0040d5d0	audio.cpp..event.cpp	KERNEL32.dll	Sleep	load
0x0040d6ed	0x0040d680	audio.cpp..event.cpp	WINMM.dll	timeBeginPeriod	call
0x0040d722	0x0040d680	audio.cpp..event.cpp	WINMM.dll	timeSetEvent	call
0x0040db91	0x0040db50	audio.cpp..event.cpp	KERNEL32.dll	GetTickCount	call
0x0040dc2c	0x0040db50	audio.cpp..event.cpp	ADVAPI32.dll	RegCreateKeyExA	call
0x0040dce2	0x0040db50	audio.cpp..event.cpp	ADVAPI32.dll	RegCloseKey	call
0x0040dd49	0x0040dd20	audio.cpp..event.cpp	ole32.dll	CoCreateInstance	call
0x0040ddec	0x0040ddd0	audio.cpp..event.cpp	ole32.dll	CoCreateInstance	call
0x0040e91e	0x0040e8a0	audio.cpp..event.cpp	KERNEL32.dll	GetTickCount	call
0x0040eaf7	0x0040ea40	audio.cpp..event.cpp	KERNEL32.dll	GetTickCount	call
0x0040eb87	0x0040eb70	audio.cpp..event.cpp	KERNEL32.dll	GetTickCount	call
0x0040ec70	0x0040eb70	audio.cpp..event.cpp	USER32.dll	PostMessageA	call
0x0040eeab	0x0040ed10	audio.cpp..event.cpp	USER32.dll	GetActiveWindow	call
0x0040eeb2	0x0040ed10	audio.cpp..event.cpp	USER32.dll	MessageBoxA	call
0x0040f384	0x0040f380	audio.cpp..event.cpp	KERNEL32.dll	GetTickCount	call
0x0040f477	0x0040f400	audio.cpp..event.cpp	KERNEL32.dll	GetTickCount	call
0x0040f527	0x0040f520	audio.cpp..event.cpp	KERNEL32.dll	GetTickCount	call
0x004100ef	0x00410090	audio.cpp..event.cpp	USER32.dll	PostMessageA	call
0x00410224	0x00410090	audio.cpp..event.cpp	KERNEL32.dll	GetTickCount	load
0x00410334	0x00410090	audio.cpp..event.cpp	USER32.dll	PostMessageA	call
0x0041040a	0x00410090	audio.cpp..event.cpp	USER32.dll	PostMessageA	call
0x00410452	0x00410420	audio.cpp..event.cpp	KERNEL32.dll	GetTickCount	load
0x00410b5e	0x00410a10	audio.cpp..event.cpp	USER32.dll	PostMessageA	call
0x00410b9c	0x00410b70	audio.cpp..event.cpp	USER32.dll	PostMessageA	call
0x00410cd6	0x00410bb0	audio.cpp..event.cpp	USER32.dll	PostMessageA	call
0x00410d83	0x00410ce0	audio.cpp..event.cpp	USER32.dll	PostMessageA	call
0x00411212	0x00411100	audio.cpp..event.cpp	USER32.dll	PostMessageA	call
0x00411c69	0x00411bd0	audio.cpp..event.cpp	KERNEL32.dll	GetTickCount	call
0x00411d2f	0x00411bd0	audio.cpp..event.cpp	USER32.dll	PostMessageA	call
0x00411d62	0x00411bd0	audio.cpp..event.cpp	KERNEL32.dll	GetTickCount	call
0x0041245c	0x004123d0	audio.cpp..event.cpp	USER32.dll	IntersectRect	call
0x0041315a	0x00412fe0	audio.cpp..event.cpp	USER32.dll	IntersectRect	load
0x00413f49	0x00413e70	audio.cpp..event.cpp	KERNEL32.dll	GetTickCount	call
0x00414c49	0x00414b00	audio.cpp..event.cpp	USER32.dll	IntersectRect	call
0x004155b8	0x00414f20	audio.cpp..event.cpp	USER32.dll	IntersectRect	call
0x00415631	0x00414f20	audio.cpp..event.cpp	USER32.dll	IntersectRect	call
0x00416dbb	0x00416340	audio.cpp..event.cpp	USER32.dll	IntersectRect	call
0x00416e5c	0x00416340	audio.cpp..event.cpp	USER32.dll	IntersectRect	call
0x00416e8b	0x00416340	audio.cpp..event.cpp	USER32.dll	IntersectRect	call
0x00416f47	0x00416340	audio.cpp..event.cpp	USER32.dll	IntersectRect	call
0x00416fbf	0x00416340	audio.cpp..event.cpp	USER32.dll	IntersectRect	call
0x00417458	0x00417180	audio.cpp..event.cpp	USER32.dll	IntersectRect	call
0x004174d4	0x00417180	audio.cpp..event.cpp	USER32.dll	IntersectRect	call
0x00418bb6	0x00418480	audio.cpp..event.cpp	USER32.dll	IntersectRect	call
0x00418e41	0x00418d60	audio.cpp..event.cpp	USER32.dll	IntersectRect	call
0x00419ac8	0x00419670	audio.cpp..event.cpp	USER32.dll	IntersectRect	load
0x0041aa1b	0x0041aa10	audio.cpp..event.cpp	USER32.dll	GetDC	call
0x0041aa36	0x0041aa10	audio.cpp..event.cpp	GDI32.dll	GetDeviceCaps	call
0x0041aa40	0x0041aa10	audio.cpp..event.cpp	USER32.dll	ReleaseDC	call
0x0041aacf	0x0041aa10	audio.cpp..event.cpp	USER32.dll	GetSystemMetrics	load
0x0041acb6	0x0041ac60	audio.cpp..event.cpp	USER32.dll	PeekMessageA	load
0x0041ad1f	0x0041ac60	audio.cpp..event.cpp	USER32.dll	PostQuitMessage	call
0x0041af06	0x0041af00	audio.cpp..event.cpp	USER32.dll	GetDC	call
0x0041af0c	0x0041af00	audio.cpp..event.cpp	GDI32.dll	SetSystemPaletteUse	load
0x0041af21	0x0041af00	audio.cpp..event.cpp	USER32.dll	ReleaseDC	call
0x0041af6f	0x0041af00	audio.cpp..event.cpp	GDI32.dll	CreatePalette	call
0x0041af7d	0x0041af00	audio.cpp..event.cpp	USER32.dll	GetDC	call
0x0041af83	0x0041af00	audio.cpp..event.cpp	GDI32.dll	SelectPalette	load
0x0041af94	0x0041af00	audio.cpp..event.cpp	GDI32.dll	RealizePalette	call
0x0041afa1	0x0041af00	audio.cpp..event.cpp	GDI32.dll	DeleteObject	call
0x0041afaa	0x0041af00	audio.cpp..event.cpp	USER32.dll	ReleaseDC	call
0x0041b01f	0x0041afc0	audio.cpp..event.cpp	USER32.dll	GetDC	call
0x0041b066	0x0041afc0	audio.cpp..event.cpp	GDI32.dll	GetPixel	call
0x0041b0be	0x0041afc0	audio.cpp..event.cpp	USER32.dll	ReleaseDC	call
0x0041cd0b	0x0041cce0	audio.cpp..event.cpp	USER32.dll	IntersectRect	call
0x0041ce3f	0x0041ce20	audio.cpp..event.cpp	USER32.dll	IntersectRect	call
0x0041d010	0x0041d000	audio.cpp..event.cpp	USER32.dll	IntersectRect	load
0x0041d068	0x0041d060	audio.cpp..event.cpp	USER32.dll	IntersectRect	load
0x0041dda6	0x0041dd90	audio.cpp..event.cpp	USER32.dll	IntersectRect	call
0x0041de00	0x0041dd90	audio.cpp..event.cpp	USER32.dll	IntersectRect	call
0x0041e18d	0x0041e160	audio.cpp..event.cpp	USER32.dll	IntersectRect	call
0x0041e77a	0x0041e750	audio.cpp..event.cpp	USER32.dll	MessageBoxA	call
0x0041e78c	0x0041e750	audio.cpp..event.cpp	USER32.dll	PostMessageA	call
0x0041e7c8	0x0041e7a0	audio.cpp..event.cpp	USER32.dll	wsprintfA	call
0x0041e7e3	0x0041e7a0	audio.cpp..event.cpp	USER32.dll	MessageBoxA	call
0x00426652	0x004265f0	gameproc.cpp..item.cpp	KERNEL32.dll	GetTickCount	load
0x004266cc	0x004266b0	gameproc.cpp..item.cpp	KERNEL32.dll	GetTickCount	call
0x0042673e	0x004266f0	gameproc.cpp..item.cpp	KERNEL32.dll	GetTickCount	call
0x004267a5	0x00426790	gameproc.cpp..item.cpp	USER32.dll	PostMessageA	call
0x00426b54	0x00426b50	gameproc.cpp..item.cpp	KERNEL32.dll	GetLogicalDriveStringsA	load
0x00426ba7	0x00426b50	gameproc.cpp..item.cpp	KERNEL32.dll	GetDriveTypeA	call
0x00426bd5	0x00426b50	gameproc.cpp..item.cpp	KERNEL32.dll	GetVolumeInformationA	call
0x00426c6d	0x00426c50	gameproc.cpp..item.cpp	KERNEL32.dll	QueryPerformanceFrequency	call
0x00426c7c	0x00426c50	gameproc.cpp..item.cpp	KERNEL32.dll	QueryPerformanceCounter	call
0x00426cec	0x00426cd0	gameproc.cpp..item.cpp	KERNEL32.dll	QueryPerformanceCounter	call
0x00426d24	0x00426cd0	gameproc.cpp..item.cpp	KERNEL32.dll	GetTickCount	call
0x00426f42	0x00426f40	gameproc.cpp..item.cpp	KERNEL32.dll	GetTickCount	call
0x0042739c	0x00427070	gameproc.cpp..item.cpp	KERNEL32.dll	GetTickCount	call
0x0042a365	0x0042a240	item.cpp..map.cpp	USER32.dll	IntersectRect	call
0x0042a4ed	0x0042a3d0	item.cpp..map.cpp	USER32.dll	IntersectRect	call
0x0042b7cc	0x0042b5a0	item.cpp..map.cpp	USER32.dll	IntersectRect	call
0x0042d5b4	0x0042d580	item.cpp..map.cpp	USER32.dll	IntersectRect	call
0x0042e705	0x0042e5e0	map.cpp..objscript.cpp	USER32.dll	PostMessageA	call
0x0042ed59	0x0042ece0	map.cpp..objscript.cpp	USER32.dll	GetActiveWindow	call
0x0042ed60	0x0042ece0	map.cpp..objscript.cpp	USER32.dll	MessageBoxA	call
0x0042f2b7	0x0042f170	map.cpp..objscript.cpp	USER32.dll	GetActiveWindow	call
0x0042f2be	0x0042f170	map.cpp..objscript.cpp	USER32.dll	MessageBoxA	call
0x0042f353	0x0042f170	map.cpp..objscript.cpp	USER32.dll	GetActiveWindow	call
0x0042f35a	0x0042f170	map.cpp..objscript.cpp	USER32.dll	MessageBoxA	call
0x0042f3f7	0x0042f170	map.cpp..objscript.cpp	USER32.dll	ShowCursor	load
0x0042f973	0x0042f880	map.cpp..objscript.cpp	KERNEL32.dll	GetTickCount	call
0x00432a8c	0x00432a60	map.cpp..objscript.cpp	USER32.dll	IntersectRect	call
0x00432ad1	0x00432a60	map.cpp..objscript.cpp	KERNEL32.dll	GetTickCount	call
0x00432cbd	0x00432c50	map.cpp..objscript.cpp	KERNEL32.dll	GetTickCount	call
0x00433387	0x00433350	map.cpp..objscript.cpp	USER32.dll	IntersectRect	call
0x00445067	0x00444fc0	script.cpp..unit.cpp	smackw32.dll	_SmackSoundUseDirectSound@4	call
0x00445099	0x00444fc0	script.cpp..unit.cpp	smackw32.dll	_SmackOpen@12	call
0x004450fd	0x00444fc0	script.cpp..unit.cpp	smackw32.dll	_SmackDDSurfaceType@4	call
0x0044513f	0x00445120	script.cpp..unit.cpp	WINMM.dll	timeKillEvent	call
0x00445167	0x00445120	script.cpp..unit.cpp	smackw32.dll	_SmackClose@4	call
0x00445177	0x00445170	script.cpp..unit.cpp	USER32.dll	GetDC	call
0x0044518c	0x00445170	script.cpp..unit.cpp	GDI32.dll	GetSystemPaletteEntries	call
0x004451df	0x00445170	script.cpp..unit.cpp	USER32.dll	ReleaseDC	call
0x00445221	0x004451f0	script.cpp..unit.cpp	WINMM.dll	timeSetEvent	call
0x00445262	0x004451f0	script.cpp..unit.cpp	USER32.dll	PostMessageA	call
0x00445294	0x00445280	script.cpp..unit.cpp	smackw32.dll	_SmackVolumePan@16	load
0x0044539e	0x00445320	script.cpp..unit.cpp	smackw32.dll	_SmackWait@4	call
0x004453c7	0x004453c0	script.cpp..unit.cpp	USER32.dll	GetFocus	call
0x00445499	0x004453c0	script.cpp..unit.cpp	smackw32.dll	_SmackToBuffer@28	call
0x004454a3	0x004453c0	script.cpp..unit.cpp	smackw32.dll	_SmackDoFrame@4	call
0x004454e5	0x004453c0	script.cpp..unit.cpp	smackw32.dll	_SmackNextFrame@4	call
0x0044560f	0x00445600	script.cpp..unit.cpp	USER32.dll	PostMessageA	call
0x00446495	0x00446450	script.cpp..unit.cpp	GDI32.dll	CreateFontA	call
0x00446609	0x004465e0	script.cpp..unit.cpp	GDI32.dll	SelectObject	call
0x00446616	0x004465e0	script.cpp..unit.cpp	GDI32.dll	SetBkMode	call
0x00446626	0x004465e0	script.cpp..unit.cpp	GDI32.dll	SetTextColor	call
0x0044663c	0x004465e0	script.cpp..unit.cpp	USER32.dll	wsprintfA	call
0x00446642	0x004465e0	script.cpp..unit.cpp	KERNEL32.dll	lstrlenA	load
0x00446662	0x004465e0	script.cpp..unit.cpp	GDI32.dll	GetTextExtentPoint32A	call
0x0044667e	0x004465e0	script.cpp..unit.cpp	GDI32.dll	TextOutA	call
0x004467c7	0x004466e0	script.cpp..unit.cpp	GDI32.dll	DeleteObject	call
0x0044681d	0x004466e0	script.cpp..unit.cpp	GDI32.dll	DeleteObject	call
0x0044aba3	0x0044a420	script.cpp..unit.cpp	KERNEL32.dll	GetTickCount	load
0x0044aeb8	0x0044ad40	script.cpp..unit.cpp	KERNEL32.dll	GetTickCount	call
0x0044d311	0x0044d110	script.cpp..unit.cpp	USER32.dll	GetActiveWindow	call
0x0044d318	0x0044d110	script.cpp..unit.cpp	USER32.dll	MessageBoxA	call
0x0044d418	0x0044d110	script.cpp..unit.cpp	USER32.dll	GetActiveWindow	call
0x0044d41f	0x0044d110	script.cpp..unit.cpp	USER32.dll	MessageBoxA	call
0x00453c98	0x00453c40	script.cpp..unit.cpp	USER32.dll	IntersectRect	load
0x00454485	0x004542f0	script.cpp..unit.cpp	KERNEL32.dll	GetTickCount	call
0x004544c1	0x004542f0	script.cpp..unit.cpp	KERNEL32.dll	GetTickCount	load
0x0045451b	0x004542f0	script.cpp..unit.cpp	KERNEL32.dll	GetTickCount	call
0x00454578	0x004542f0	script.cpp..unit.cpp	KERNEL32.dll	GetTickCount	call
0x004545c1	0x004542f0	script.cpp..unit.cpp	KERNEL32.dll	GetTickCount	load
0x0045490b	0x004547c0	script.cpp..unit.cpp	USER32.dll	IntersectRect	call
0x00454d3c	0x00454cc0	script.cpp..unit.cpp	USER32.dll	IntersectRect	call
0x00454f1a	0x00454f00	script.cpp..unit.cpp	USER32.dll	IntersectRect	call
0x00455199	0x00455090	script.cpp..unit.cpp	USER32.dll	IntersectRect	load
0x00455cf3	0x00455c10	script.cpp..unit.cpp	USER32.dll	IntersectRect	call
0x004562ad	0x004561e0	script.cpp..unit.cpp	USER32.dll	IntersectRect	call
0x004569c2	0x00456990	script.cpp..unit.cpp	USER32.dll	IntersectRect	call
0x00456b29	0x00456990	script.cpp..unit.cpp	KERNEL32.dll	GetTickCount	call
0x00456d4e	0x00456ca0	script.cpp..unit.cpp	KERNEL32.dll	GetTickCount	call
0x00456dd6	0x00456dc0	script.cpp..unit.cpp	KERNEL32.dll	GetTickCount	call
0x0045904f	0x00458930	>=unit.cpp	KERNEL32.dll	GetTickCount	call
0x0045925f	0x00458930	>=unit.cpp	KERNEL32.dll	GetTickCount	call
0x0045937b	0x00458930	>=unit.cpp	KERNEL32.dll	GetTickCount	call
0x004596fa	0x00458930	>=unit.cpp	KERNEL32.dll	GetTickCount	call
0x00459e5e	0x00458930	>=unit.cpp	KERNEL32.dll	GetTickCount	call
0x0045ab34	0x0045aaf0	>=unit.cpp	USER32.dll	IntersectRect	call
0x0045c423	0x0045c050	>=unit.cpp	KERNEL32.dll	GetTickCount	call
0x0045d5ab	0x0045d4b0	>=unit.cpp	KERNEL32.dll	GetTickCount	call
0x004609e8	0x004609d0	>=unit.cpp	USER32.dll	IntersectRect	load
0x00460cb6	0x00460ca0	>=unit.cpp	USER32.dll	IntersectRect	load
0x00460feb	0x00460fd0	>=unit.cpp	USER32.dll	IntersectRect	load
0x00463390	0x00463390	>=unit.cpp	DSOUND.dll	#1	jmp
0x00463396	0x00463396	>=unit.cpp	DDRAW.dll	DirectDrawCreate	jmp
0x00464410	0x00464410	>=unit.cpp	DINPUT.dll	DirectInputCreateA	jmp
0x004646d0	0x004646a9	>=unit.cpp	KERNEL32.dll	HeapFree	call
0x00464787	0x004646d8	>=unit.cpp	KERNEL32.dll	HeapAlloc	call
0x004647c8	0x004646d8	>=unit.cpp	KERNEL32.dll	HeapReAlloc	call
0x00464864	0x00464836	>=unit.cpp	KERNEL32.dll	HeapAlloc	call
0x0046505f	0x00465052	>=unit.cpp	KERNEL32.dll	GetLocalTime	call
0x00465069	0x00465052	>=unit.cpp	KERNEL32.dll	GetSystemTime	call
0x004650be	0x00465052	>=unit.cpp	KERNEL32.dll	GetTimeZoneInformation	call
0x00465bb7	0x00465ba3	>=unit.cpp	KERNEL32.dll	FindFirstFileA	call
0x00465bc4	0x00465ba3	>=unit.cpp	KERNEL32.dll	GetLastError	call
0x00465c80	0x00465c6d	>=unit.cpp	KERNEL32.dll	FindNextFileA	call
0x00465c8a	0x00465c6d	>=unit.cpp	KERNEL32.dll	GetLastError	call
0x00465d36	0x00465d32	>=unit.cpp	KERNEL32.dll	FindClose	call
0x00465d6a	0x00465d51	>=unit.cpp	KERNEL32.dll	FileTimeToLocalFileTime	call
0x00465d7c	0x00465d51	>=unit.cpp	KERNEL32.dll	FileTimeToSystemTime	call
0x00465e23	0x00465dc8	>=unit.cpp	KERNEL32.dll	GetFullPathNameA	call
0x00465e37	0x00465dc8	>=unit.cpp	KERNEL32.dll	GetCurrentDirectoryA	call
0x00465eb8	0x00465e99	>=unit.cpp	KERNEL32.dll	GetDriveTypeA	call
0x00465edc	0x00465ed0	>=unit.cpp	KERNEL32.dll	SetCurrentDirectoryA	call
0x00465ef2	0x00465ed0	>=unit.cpp	KERNEL32.dll	GetCurrentDirectoryA	call
0x00465f36	0x00465ed0	>=unit.cpp	KERNEL32.dll	SetEnvironmentVariableA	call
0x00465f44	0x00465ed0	>=unit.cpp	KERNEL32.dll	GetLastError	call
0x00465f5c	0x00465f56	>=unit.cpp	KERNEL32.dll	CreateDirectoryA	call
0x00465f66	0x00465f56	>=unit.cpp	KERNEL32.dll	GetLastError	call
0x0046635d	0x00466359	>=unit.cpp	KERNEL32.dll	GetFileAttributesA	call
0x0046637a	0x00466359	>=unit.cpp	KERNEL32.dll	SetFileAttributesA	call
0x00466384	0x00466359	>=unit.cpp	KERNEL32.dll	GetLastError	call
0x00466470	0x0046646c	>=unit.cpp	KERNEL32.dll	DeleteFileA	call
0x0046647a	0x0046646c	>=unit.cpp	KERNEL32.dll	GetLastError	call
0x0046649a	0x00466496	>=unit.cpp	KERNEL32.dll	RemoveDirectoryA	call
0x004664a4	0x00466496	>=unit.cpp	KERNEL32.dll	GetLastError	call
0x004664e6	0x004664c0	>=unit.cpp	KERNEL32.dll	GetVersion	call
0x00466534	0x004664c0	>=unit.cpp	KERNEL32.dll	GetCommandLineA	call
0x0046655f	0x004664c0	>=unit.cpp	KERNEL32.dll	GetStartupInfoA	call
0x00466582	0x004664c0	>=unit.cpp	KERNEL32.dll	GetModuleHandleA	call
0x004665f8	0x004665db	>=unit.cpp	KERNEL32.dll	ExitProcess	call
0x00466654	0x0046664f	>=unit.cpp	KERNEL32.dll	GetModuleHandleA	call
0x00466664	0x0046664f	>=unit.cpp	KERNEL32.dll	GetProcAddress	call
0x00466ca0	0x00466bc8	>=unit.cpp	KERNEL32.dll	WriteFile	call
0x00466ced	0x00466bc8	>=unit.cpp	KERNEL32.dll	GetLastError	call
0x00466d05	0x00466bc8	>=unit.cpp	KERNEL32.dll	WriteFile	call
0x00466d1a	0x00466bc8	>=unit.cpp	KERNEL32.dll	GetLastError	call
0x00467212	0x0046718e	>=unit.cpp	KERNEL32.dll	ReadFile	call
0x0046721c	0x0046718e	>=unit.cpp	KERNEL32.dll	GetLastError	call
0x004672e3	0x0046718e	>=unit.cpp	KERNEL32.dll	ReadFile	call
0x004672ed	0x0046718e	>=unit.cpp	KERNEL32.dll	GetLastError	call
0x00467395	0x00467384	>=unit.cpp	KERNEL32.dll	HeapCreate	call
0x004673b3	0x00467384	>=unit.cpp	KERNEL32.dll	HeapDestroy	call
0x004673cd	0x004673c0	>=unit.cpp	KERNEL32.dll	HeapAlloc	call
0x00467668	0x00467429	>=unit.cpp	KERNEL32.dll	VirtualFree	load
0x004676ed	0x00467429	>=unit.cpp	KERNEL32.dll	HeapFree	call
0x00467a85	0x00467a5d	>=unit.cpp	KERNEL32.dll	HeapReAlloc	call
0x00467ab9	0x00467a5d	>=unit.cpp	KERNEL32.dll	HeapAlloc	call
0x00467ad3	0x00467a5d	>=unit.cpp	KERNEL32.dll	VirtualAlloc	call
0x00467aea	0x00467a5d	>=unit.cpp	KERNEL32.dll	HeapFree	call
0x00467b5f	0x00467b0e	>=unit.cpp	KERNEL32.dll	VirtualAlloc	call
0x00467f7f	0x00467f1a	>=unit.cpp	KERNEL32.dll	CloseHandle	call
0x00467f89	0x00467f1a	>=unit.cpp	KERNEL32.dll	GetLastError	call
0x00469341	0x00469331	>=unit.cpp	KERNEL32.dll	GetCurrentProcess	call
0x00469348	0x00469331	>=unit.cpp	KERNEL32.dll	TerminateProcess	call
0x004693c2	0x00469331	>=unit.cpp	KERNEL32.dll	ExitProcess	call
0x0046943d	0x004693e4	>=unit.cpp	KERNEL32.dll	GetStartupInfoA	call
0x004694e3	0x004693e4	>=unit.cpp	KERNEL32.dll	GetFileType	call
0x0046953c	0x004693e4	>=unit.cpp	KERNEL32.dll	GetStdHandle	call
0x0046954a	0x004693e4	>=unit.cpp	KERNEL32.dll	GetFileType	call
0x00469581	0x004693e4	>=unit.cpp	KERNEL32.dll	SetHandleCount	call
0x004695de	0x0046958f	>=unit.cpp	KERNEL32.dll	SetFilePointer	call
0x004695eb	0x0046958f	>=unit.cpp	KERNEL32.dll	GetLastError	call
0x0046964a	0x00469629	>=unit.cpp	KERNEL32.dll	HeapSize	call
0x004699ad	0x0046996b	>=unit.cpp	KERNEL32.dll	LCMapStringW	call
0x004699c9	0x0046996b	>=unit.cpp	KERNEL32.dll	LCMapStringA	call
0x00469a12	0x0046996b	>=unit.cpp	KERNEL32.dll	LCMapStringA	call
0x00469a4a	0x0046996b	>=unit.cpp	KERNEL32.dll	MultiByteToWideChar	call
0x00469aa2	0x0046996b	>=unit.cpp	KERNEL32.dll	MultiByteToWideChar	call
0x00469ab8	0x0046996b	>=unit.cpp	KERNEL32.dll	LCMapStringW	call
0x00469aeb	0x0046996b	>=unit.cpp	KERNEL32.dll	LCMapStringW	call
0x00469b53	0x0046996b	>=unit.cpp	KERNEL32.dll	LCMapStringW	call
0x00469b78	0x0046996b	>=unit.cpp	KERNEL32.dll	WideCharToMultiByte	call
0x00469bbb	0x00469b8f	>=unit.cpp	KERNEL32.dll	FlushFileBuffers	call
0x00469bc5	0x00469b8f	>=unit.cpp	KERNEL32.dll	GetLastError	call
0x00469fec	0x00469eb4	>=unit.cpp	KERNEL32.dll	UnhandledExceptionFilter	call
0x0046a16c	0x0046a149	>=unit.cpp	KERNEL32.dll	GetModuleFileNameA	call
0x0046a39f	0x0046a396	>=unit.cpp	KERNEL32.dll	GetEnvironmentStringsW	load
0x0046a3c5	0x0046a396	>=unit.cpp	KERNEL32.dll	GetEnvironmentStrings	call
0x0046a414	0x0046a396	>=unit.cpp	KERNEL32.dll	WideCharToMultiByte	load
0x0046a464	0x0046a396	>=unit.cpp	KERNEL32.dll	FreeEnvironmentStringsW	call
0x0046a477	0x0046a396	>=unit.cpp	KERNEL32.dll	GetEnvironmentStrings	call
0x0046a4b5	0x0046a396	>=unit.cpp	KERNEL32.dll	FreeEnvironmentStringsA	call
0x0046a64e	0x0046a5e1	>=unit.cpp	KERNEL32.dll	GetModuleFileNameA	call
0x0046a724	0x0046a5e1	>=unit.cpp	KERNEL32.dll	GetStdHandle	call
0x0046a72b	0x0046a5e1	>=unit.cpp	KERNEL32.dll	WriteFile	call
0x0046afd0	0x0046af80	>=unit.cpp	KERNEL32.dll	SetStdHandle	call
0x0046b04a	0x0046aff7	>=unit.cpp	KERNEL32.dll	SetStdHandle	call
0x0046b25a	0x0046b0ae	>=unit.cpp	KERNEL32.dll	CreateFileA	call
0x0046b267	0x0046b0ae	>=unit.cpp	KERNEL32.dll	GetFileType	call
0x0046b272	0x0046b0ae	>=unit.cpp	KERNEL32.dll	CloseHandle	call
0x0046b278	0x0046b0ae	>=unit.cpp	KERNEL32.dll	GetLastError	call
0x0046b3b2	0x0046b0ae	>=unit.cpp	KERNEL32.dll	SetUnhandledExceptionFilter	call
0x0046b3c4	0x0046b0ae	>=unit.cpp	KERNEL32.dll	SetUnhandledExceptionFilter	call
0x0046b3d7	0x0046b3cb	>=unit.cpp	KERNEL32.dll	IsBadReadPtr	call
0x0046b3f3	0x0046b3e7	>=unit.cpp	KERNEL32.dll	IsBadWritePtr	call
0x0046b40b	0x0046b403	>=unit.cpp	KERNEL32.dll	IsBadCodePtr	call
0x0046b504	0x0046b4bb	>=unit.cpp	KERNEL32.dll	WideCharToMultiByte	call
0x0046b662	0x0046b62a	>=unit.cpp	KERNEL32.dll	GetTimeZoneInformation	call
0x0046b6d5	0x0046b62a	>=unit.cpp	KERNEL32.dll	WideCharToMultiByte	load
0x0046bbb3	0x0046bb74	>=unit.cpp	KERNEL32.dll	GetStringTypeW	call
0x0046bbcd	0x0046bb74	>=unit.cpp	KERNEL32.dll	GetStringTypeA	call
0x0046bc01	0x0046bb74	>=unit.cpp	KERNEL32.dll	GetStringTypeA	call
0x0046bc39	0x0046bb74	>=unit.cpp	KERNEL32.dll	MultiByteToWideChar	call
0x0046bc8f	0x0046bb74	>=unit.cpp	KERNEL32.dll	MultiByteToWideChar	call
0x0046bca1	0x0046bb74	>=unit.cpp	KERNEL32.dll	GetStringTypeW	call
0x0046c1d3	0x0046c18e	>=unit.cpp	KERNEL32.dll	HeapAlloc	call
0x0046c2ab	0x0046c263	>=unit.cpp	KERNEL32.dll	GetCPInfo	call
0x0046c416	0x0046c3fc	>=unit.cpp	KERNEL32.dll	GetOEMCP	jmp
0x0046c42b	0x0046c3fc	>=unit.cpp	KERNEL32.dll	GetACP	jmp
0x0046c4b6	0x0046c4a2	>=unit.cpp	KERNEL32.dll	GetCPInfo	call
0x0046c697	0x0046c685	>=unit.cpp	KERNEL32.dll	LoadLibraryA	call
0x0046c6a3	0x0046c685	>=unit.cpp	KERNEL32.dll	GetProcAddress	load
0x0046cc3b	0x0046cb42	>=unit.cpp	KERNEL32.dll	SetEndOfFile	call
0x0046cc59	0x0046cb42	>=unit.cpp	KERNEL32.dll	GetLastError	call
0x0046d1db	0x0046d1c8	>=unit.cpp	KERNEL32.dll	WideCharToMultiByte	load
0x0046d274	0x0046d236	>=unit.cpp	KERNEL32.dll	CompareStringW	call
0x0046d291	0x0046d236	>=unit.cpp	KERNEL32.dll	CompareStringA	call
0x0046d2ef	0x0046d236	>=unit.cpp	KERNEL32.dll	CompareStringA	call
0x0046d340	0x0046d236	>=unit.cpp	KERNEL32.dll	GetCPInfo	call
0x0046d3bf	0x0046d236	>=unit.cpp	KERNEL32.dll	MultiByteToWideChar	call
0x0046d41a	0x0046d236	>=unit.cpp	KERNEL32.dll	MultiByteToWideChar	load
0x0046d47f	0x0046d236	>=unit.cpp	KERNEL32.dll	MultiByteToWideChar	call
0x0046d497	0x0046d236	>=unit.cpp	KERNEL32.dll	CompareStringW	call
0x0046d651	0x0046d4de	>=unit.cpp	KERNEL32.dll	SetEnvironmentVariableA	call
0x0046d7d0	0x0046d7d0	>=unit.cpp	KERNEL32.dll	RtlUnwind	jmp
